name,launch_date,provider,rocket,launch_site,location,status
Sputnik 8K74PS | Sputnik 1,1957-10-04T19:28:34Z,Soviet Space Program,Sputnik 8K74PS,1/5,"Baikonur Cosmodrome, Republic of Kazakhstan",Launch Successful
Sputnik 8K74PS | Sputnik 2,1957-11-03T02:30:00Z,Soviet Space Program,Sputnik 8K74PS,1/5,"Baikonur Cosmodrome, Republic of Kazakhstan",Launch Successful
Vanguard | Vanguard,1957-12-06T16:44:35Z,US Navy,Vanguard,Launch Complex 18A,"Cape Canaveral SFS, FL, USA",Launch Failure
Juno-I | Explorer 1,1958-02-01T03:47:56Z,Army Ballistic Missile Agency,Juno-I,Launch Complex 26A,"Cape Canaveral SFS, FL, USA",Launch Successful
Vanguard | Vanguard,1958-02-05T07:33:00Z,US Navy,Vanguard,Launch Complex 18A,"Cape Canaveral SFS, FL, USA",Launch Failure
Juno-I | Explorer 2,1958-03-05T18:27:57Z,Army Ballistic Missile Agency,Juno-I,Launch Complex 26A,"Cape Canaveral SFS, FL, USA",Launch Failure
Vanguard | Vanguard,1958-03-17T12:15:41Z,US Navy,Vanguard,Launch Complex 18A,"Cape Canaveral SFS, FL, USA",Launch Successful
Juno-I | Explorer 3,1958-03-26T17:38:01Z,Army Ballistic Missile Agency,Juno-I,Launch Complex 26A,"Cape Canaveral SFS, FL, USA",Launch Successful
Sputnik 8A91 | D-1 1,1958-04-27T07:00:35Z,Soviet Space Program,Sputnik 8A91,1/5,"Baikonur Cosmodrome, Republic of Kazakhstan",Launch Failure
Vanguard | Vanguard,1958-04-29T02:53:00Z,US Navy,Vanguard,Launch Complex 18A,"Cape Canaveral SFS, FL, USA",Launch Failure
Sputnik 8A91 | D1- 2,1958-05-15T07:00:35Z,Soviet Space Program,Sputnik 8A91,1/5,"Baikonur Cosmodrome, Republic of Kazakhstan",Launch Successful
Vanguard | Vanguard,1958-05-28T03:46:20Z,US Navy,Vanguard,Launch Complex 18A,"Cape Canaveral SFS, FL, USA",Launch Failure
Vanguard | Vanguard,1958-06-26T05:00:52Z,US Navy,Vanguard,Launch Complex 18A,"Cape Canaveral SFS, FL, USA",Launch Failure
Project Pilot | NOTS 1,1958-07-25T00:00:00Z,US Navy,Project Pilot,Naval Air Weapons Station China Lake,Air launch to Suborbital flight,Launch Failure
Juno-I | Explorer 4,1958-07-26T15:00:57Z,Army Ballistic Missile Agency,Juno-I,Launch Complex 5,"Cape Canaveral SFS, FL, USA",Launch Successful
Project Pilot | NOTS 2,1958-08-12T00:00:00Z,US Navy,Project Pilot,Naval Air Weapons Station China Lake,Air launch to Suborbital flight,Launch Failure
Thor Able I | Able I (Pioneer),1958-08-17T12:18:00Z,Army Ballistic Missile Agency,Thor Able I,Space Launch Complex 17A,"Cape Canaveral SFS, FL, USA",Launch Failure
Project Pilot | NOTS 3,1958-08-22T00:00:00Z,US Navy,Project Pilot,Naval Air Weapons Station China Lake,Air launch to Suborbital flight,Launch Failure
Juno-I | Explorer 5,1958-08-24T06:17:22Z,Army Ballistic Missile Agency,Juno-I,Launch Complex 5,"Cape Canaveral SFS, FL, USA",Launch Failure
Project Pilot | NOTS 4,1958-08-25T00:00:00Z,US Navy,Project Pilot,Naval Air Weapons Station China Lake,Air launch to Suborbital flight,Launch Failure
Project Pilot | NOTS 5,1958-08-26T00:00:00Z,US Navy,Project Pilot,Naval Air Weapons Station China Lake,Air launch to Suborbital flight,Launch Failure
Project Pilot | NOTS 6,1958-08-28T00:00:00Z,US Navy,Project Pilot,Naval Air Weapons Station China Lake,Air launch to Suborbital flight,Launch Failure
Vostok-L 8K72 | Luna-1a,1958-09-23T07:40:23Z,Soviet Space Program,Vostok-L 8K72,1/5,"Baikonur Cosmodrome, Republic of Kazakhstan",Launch Failure
Vanguard | Vanguard,1958-09-26T15:38:00Z,US Navy,Vanguard,Launch Complex 18A,"Cape Canaveral SFS, FL, USA",Launch Failure
Thor Able I | Pioneer 1,1958-10-11T08:42:13Z,Army Ballistic Missile Agency,Thor Able I,Space Launch Complex 17A,"Cape Canaveral SFS, FL, USA",Launch Successful
Vostok-L 8K72 | Luna-1b,1958-10-11T21:41:58Z,Soviet Space Program,Vostok-L 8K72,1/5,"Baikonur Cosmodrome, Republic of Kazakhstan",Launch Failure
Juno-I | Beacon,1958-10-23T03:21:04Z,Army Ballistic Missile Agency,Juno-I,Launch Complex 5,"Cape Canaveral SFS, FL, USA",Launch Failure
Thor Able I | Pioneer 2,1958-11-08T07:30:21Z,Army Ballistic Missile Agency,Thor Able I,Space Launch Complex 17A,"Cape Canaveral SFS, FL, USA",Launch Failure
Vostok-L 8K72 | Luna-1c,1958-12-04T18:18:45Z,Soviet Space Program,Vostok-L 8K72,1/5,"Baikonur Cosmodrome, Republic of Kazakhstan",Launch Failure
Juno II | Pioneer 3,1958-12-06T05:44:52Z,National Aeronautics and Space Administration,Juno II,Launch Complex 5,"Cape Canaveral SFS, FL, USA",Launch Successful
Atlas B | SCORE,1958-12-18T23:02:00Z,US Army,Atlas B,Launch Complex 11,"Cape Canaveral SFS, FL, USA",Launch Successful
Vostok-L 8K72 | Luna-1,1959-01-02T16:41:21Z,Soviet Space Program,Vostok-L 8K72,1/5,"Baikonur Cosmodrome, Republic of Kazakhstan",Launch Successful
Vanguard | Vanguard II,1959-02-17T15:55:00Z,US Navy,Vanguard,Launch Complex 18A,"Cape Canaveral SFS, FL, USA",Launch Successful
Thor Agena A | Discoverer 1,1959-02-28T21:49:16Z,United States Air Force,Thor Agena A,Space Launch Complex 1W,"Vandenberg SFB, CA, USA",Launch Failure
Juno II | Pioneer 4,1959-03-03T05:10:56Z,National Aeronautics and Space Administration,Juno II,Launch Complex 5,"Cape Canaveral SFS, FL, USA",Launch Successful
Thor Agena A | Discoverer 2,1959-04-13T21:18:39Z,United States Air Force,Thor Agena A,Space Launch Complex 1W,"Vandenberg SFB, CA, USA",Launch Successful
Vanguard | Vanguard,1959-04-14T02:49:46Z,US Navy,Vanguard,Launch Complex 18A,"Cape Canaveral SFS, FL, USA",Launch Failure
Thor Agena A | Discoverer 3,1959-06-03T20:09:20Z,United States Air Force,Thor Agena A,Space Launch Complex 1W,"Vandenberg SFB, CA, USA",Launch Failure
Vostok-L 8K72 | Luna-2a,1959-06-18T08:08:00Z,Soviet Space Program,Vostok-L 8K72,1/5,"Baikonur Cosmodrome, Republic of Kazakhstan",Launch Failure
Vanguard | Vanguard,1959-06-22T20:16:09Z,US Navy,Vanguard,Launch Complex 18A,"Cape Canaveral SFS, FL, USA",Launch Failure
Thor Agena A | Discoverer 4,1959-06-25T22:47:45Z,United States Air Force,Thor Agena A,Space Launch Complex 1E,"Vandenberg SFB, CA, USA",Launch Failure
Juno II | NASA S-1,1959-07-16T17:37:03Z,National Aeronautics and Space Administration,Juno II,Launch Complex 5,"Cape Canaveral SFS, FL, USA",Launch Failure
Thor Able III | Explorer 6,1959-08-07T14:24:20Z,United States Air Force,Thor Able III,Space Launch Complex 17A,"Cape Canaveral SFS, FL, USA",Launch Successful
Thor Agena A | Discoverer 5,1959-08-13T19:00:08Z,United States Air Force,Thor Agena A,Space Launch Complex 1W,"Vandenberg SFB, CA, USA",Launch Successful
Juno II | Beacon,1959-08-15T00:31:00Z,National Aeronautics and Space Administration,Juno II,Launch Complex 26B,"Cape Canaveral SFS, FL, USA",Launch Failure
Thor Agena A | Discoverer 6,1959-08-19T19:24:44Z,United States Air Force,Thor Agena A,Space Launch Complex 1E,"Vandenberg SFB, CA, USA",Launch Successful
Little Joe | LJ-1,1959-08-21T12:00:00Z,National Aeronautics and Space Administration,Little Joe,Launch Area 1,"Wallops Flight Facility, Virginia, USA",Launch Failure
Atlas LV-3B | Big Joe 1,1959-09-09T08:19:00Z,National Aeronautics and Space Administration,Atlas LV-3B,Space Launch Complex 14,"Cape Canaveral SFS, FL, USA",Launch was a Partial Failure
Vostok-L 8K72 | Luna-2,1959-09-12T06:39:42Z,Soviet Space Program,Vostok-L 8K72,1/5,"Baikonur Cosmodrome, Republic of Kazakhstan",Launch Successful
Thor Able II | Transit 1A,1959-09-17T14:34:00Z,United States Air Force,Thor Able II,Space Launch Complex 17A,"Cape Canaveral SFS, FL, USA",Launch Failure
Vanguard | Vanguard III,1959-09-18T05:20:07Z,US Navy,Vanguard,Launch Complex 18A,"Cape Canaveral SFS, FL, USA",Launch Successful
Vostok-L 8K72 | Luna-3,1959-10-04T00:43:39Z,Soviet Space Program,Vostok-L 8K72,1/5,"Baikonur Cosmodrome, Republic of Kazakhstan",Launch Successful
Little Joe | LJ-6,1959-10-04T10:00:00Z,National Aeronautics and Space Administration,Little Joe,Launch Area 1,"Wallops Flight Facility, Virginia, USA",Launch was a Partial Failure
Juno II | Explorer 7,1959-10-13T15:30:04Z,National Aeronautics and Space Administration,Juno II,Launch Complex 5,"Cape Canaveral SFS, FL, USA",Launch Successful
Little Joe | LJ-1A,1959-11-04T14:30:00Z,National Aeronautics and Space Administration,Little Joe,Launch Area 1,"Wallops Flight Facility, Virginia, USA",Launch was a Partial Failure
Thor Agena A | Discoverer 7,1959-11-07T20:28:41Z,United States Air Force,Thor Agena A,Space Launch Complex 1W,"Vandenberg SFB, CA, USA",Launch Successful
Thor Agena A | Discoverer 8,1959-11-20T19:25:24Z,United States Air Force,Thor Agena A,Space Launch Complex 1E,"Vandenberg SFB, CA, USA",Launch Successful
Atlas-Able | P-3,1959-11-26T07:26:00Z,United States Air Force,Atlas-Able,Space Launch Complex 14,"Cape Canaveral SFS, FL, USA",Launch Failure
Little Joe | LJ-2,1959-12-04T16:20:00Z,National Aeronautics and Space Administration,Little Joe,Launch Area 1,"Wallops Flight Facility, Virginia, USA",Launch Successful
Little Joe | LJ-1B,1960-01-21T14:23:00Z,National Aeronautics and Space Administration,Little Joe,Launch Area 1,"Wallops Flight Facility, Virginia, USA",Launch Successful
Thor Agena A | Discoverer 9,1960-02-04T18:51:45Z,United States Air Force,Thor Agena A,Space Launch Complex 1W,"Vandenberg SFB, CA, USA",Launch Failure
Thor Agena A | Discoverer 10,1960-02-19T20:15:14Z,United States Air Force,Thor Agena A,Space Launch Complex 1E,"Vandenberg SFB, CA, USA",Launch Failure
Atlas Agena A | Midas 1,1960-02-26T17:25:30Z,United States Air Force,Atlas Agena A,Space Launch Complex 14,"Cape Canaveral SFS, FL, USA",Launch Failure
Thor Able IV | Pioneer V,1960-03-11T13:00:07Z,United States Air Force,Thor Able IV,Space Launch Complex 17A,"Cape Canaveral SFS, FL, USA",Launch Successful
Juno II | NASA S-46,1960-03-23T13:35:11Z,National Aeronautics and Space Administration,Juno II,Launch Complex 26B,"Cape Canaveral SFS, FL, USA",Launch Failure
Thor Able II | Tiros 1,1960-04-01T11:40:09Z,United States Air Force,Thor Able II,Space Launch Complex 17A,"Cape Canaveral SFS, FL, USA",Launch Successful
Thor DM-21 Ablestar | Transit 1B,1960-04-13T12:02:36Z,United States Air Force,Thor DM-21 Ablestar,Space Launch Complex 17B,"Cape Canaveral SFS, FL, USA",Launch Successful
Vostok-L 8K72 | Luna-4a,1960-04-15T15:06:45Z,Soviet Space Program,Vostok-L 8K72,1/5,"Baikonur Cosmodrome, Republic of Kazakhstan",Launch Failure
Thor Agena A | Discoverer 11,1960-04-15T20:30:37Z,United States Air Force,Thor Agena A,Space Launch Complex 1E,"Vandenberg SFB, CA, USA",Launch Successful
Vostok-L 8K72 | Luna-4b,1960-04-16T16:07:41Z,Soviet Space Program,Vostok-L 8K72,1/5,"Baikonur Cosmodrome, Republic of Kazakhstan",Launch Failure
Thor Delta | Echo,1960-05-13T09:16:05Z,United States Air Force,Thor Delta,Space Launch Complex 17A,"Cape Canaveral SFS, FL, USA",Launch Failure
Vostok 8K72 | Korabl'-Sputnik-1,1960-05-15T00:00:05Z,Soviet Space Program,Vostok 8K72,1/5,"Baikonur Cosmodrome, Republic of Kazakhstan",Launch Successful
Atlas Agena A | Midas 2,1960-05-24T17:36:46Z,United States Air Force,Atlas Agena A,Space Launch Complex 14,"Cape Canaveral SFS, FL, USA",Launch Successful
Thor DM-21 Ablestar | Transit 2A,1960-06-22T05:54:00Z,United States Air Force,Thor DM-21 Ablestar,Space Launch Complex 17B,"Cape Canaveral SFS, FL, USA",Launch Successful
Thor Agena A | Discoverer 12,1960-06-29T22:00:44Z,United States Air Force,Thor Agena A,Space Launch Complex 1W,"Vandenberg SFB, CA, USA",Launch Failure
Vostok 8K72 | Korabl-Sputnik (2),1960-07-28T09:31:00Z,Soviet Space Program,Vostok 8K72,1/5,"Baikonur Cosmodrome, Republic of Kazakhstan",Launch Failure
Atlas LV-3B | Mercury-Atlas 1,1960-07-29T13:13:00Z,National Aeronautics and Space Administration,Atlas LV-3B,Space Launch Complex 14,"Cape Canaveral SFS, FL, USA",Launch Failure
Thor Agena A | Discoverer 13,1960-08-10T20:37:54Z,United States Air Force,Thor Agena A,Space Launch Complex 1E,"Vandenberg SFB, CA, USA",Launch Successful
Thor Delta | Echo 1,1960-08-12T09:39:43Z,United States Air Force,Thor Delta,Space Launch Complex 17A,"Cape Canaveral SFS, FL, USA",Launch Successful
Thor Agena A | Discoverer 14,1960-08-18T19:57:08Z,United States Air Force,Thor Agena A,Space Launch Complex 1W,"Vandenberg SFB, CA, USA",Launch Successful
Thor DM-21 Ablestar | Courier 1A,1960-08-18T19:58:00Z,United States Air Force,Thor DM-21 Ablestar,Space Launch Complex 17B,"Cape Canaveral SFS, FL, USA",Launch Failure
Vostok 8K72 | Korabl'-Sputnik-2,1960-08-19T08:44:06Z,Soviet Space Program,Vostok 8K72,1/5,"Baikonur Cosmodrome, Republic of Kazakhstan",Launch Successful
Thor Agena A | Discoverer 15,1960-09-13T22:13:39Z,United States Air Force,Thor Agena A,Space Launch Complex 1E,"Vandenberg SFB, CA, USA",Launch Successful
Blue Scout Jr | Blue Scout D-1,1960-09-21T13:01:53Z,United States Air Force,Blue Scout Jr,Launch Complex 18A,"Cape Canaveral SFS, FL, USA",Launch Successful
Atlas-Able | P-30 (Able VA),1960-09-25T15:13:17Z,United States Air Force,Atlas-Able,Launch Complex 12,"Cape Canaveral SFS, FL, USA",Launch Failure
Scout X-1 | ST-2,1960-10-04T15:23:00Z,National Aeronautics and Space Administration,Scout X-1,Launch Area 3,"Wallops Flight Facility, Virginia, USA",Launch Successful
Thor DM-21 Ablestar | Courier 1B,1960-10-04T17:50:00Z,United States Air Force,Thor DM-21 Ablestar,Space Launch Complex 17B,"Cape Canaveral SFS, FL, USA",Launch Successful
Molniya 8K78 | Mars-1a,1960-10-10T14:27:49Z,Soviet Space Program,Molniya 8K78,1/5,"Baikonur Cosmodrome, Republic of Kazakhstan",Launch Failure
Atlas Agena A | Samos 1,1960-10-11T20:33:28Z,United States Air Force,Atlas Agena A,Space Launch Complex 3W,"Vandenberg SFB, CA, USA",Launch Failure
Molniya 8K78 | Mars-1b,1960-10-14T13:51:03Z,Soviet Space Program,Molniya 8K78,1/5,"Baikonur Cosmodrome, Republic of Kazakhstan",Launch Failure
Thor DM-21 Agena-B | Discoverer 16,1960-10-26T20:26:09Z,United States Air Force,Thor DM-21 Agena-B,Space Launch Complex 1W,"Vandenberg SFB, CA, USA",Launch Failure
Juno II | Explorer 8,1960-11-03T05:23:10Z,National Aeronautics and Space Administration,Juno II,Launch Complex 26B,"Cape Canaveral SFS, FL, USA",Launch Successful
Little Joe | LJ-5,1960-11-08T15:18:00Z,National Aeronautics and Space Administration,Little Joe,Launch Area 1,"Wallops Flight Facility, Virginia, USA",Launch Failure
Thor DM-21 Agena-B | Discoverer 17,1960-11-12T20:42:32Z,United States Air Force,Thor DM-21 Agena-B,Space Launch Complex 1E,"Vandenberg SFB, CA, USA",Launch Successful
Redstone MRLV | Mercury-Redstone 1,1960-11-21T14:00:00Z,National Aeronautics and Space Administration,Redstone,Launch Complex 5,"Cape Canaveral SFS, FL, USA",Launch Failure
Thor Delta | Tiros 2,1960-11-23T11:13:03Z,United States Air Force,Thor Delta,Space Launch Complex 17A,"Cape Canaveral SFS, FL, USA",Launch Successful
Thor DM-21 Ablestar | Transit 3A,1960-11-30T19:50:00Z,United States Air Force,Thor DM-21 Ablestar,Space Launch Complex 17B,"Cape Canaveral SFS, FL, USA",Launch Failure
Vostok 8K72 | Korabl'-Sputnik-3,1960-12-01T07:30:04Z,Soviet Space Program,Vostok 8K72,1/5,"Baikonur Cosmodrome, Republic of Kazakhstan",Launch Successful
Scout X-1 | NASA S-56,1960-12-04T21:14:00Z,National Aeronautics and Space Administration,Scout X-1,Launch Area 3,"Wallops Flight Facility, Virginia, USA",Launch Failure
Thor DM-21 Agena-B | Discoverer 18,1960-12-07T20:20:58Z,United States Air Force,Thor DM-21 Agena-B,Space Launch Complex 1W,"Vandenberg SFB, CA, USA",Launch Successful
Atlas-Able | P-31,1960-12-15T09:10:00Z,United States Air Force,Atlas-Able,Launch Complex 12,"Cape Canaveral SFS, FL, USA",Launch Failure
Redstone MRLV | Mercury-Redstone 1A,1960-12-19T16:15:00Z,National Aeronautics and Space Administration,Redstone,Launch Complex 5,"Cape Canaveral SFS, FL, USA",Launch Successful
Thor DM-21 Agena-B | Discoverer 19,1960-12-20T20:32:00Z,United States Air Force,Thor DM-21 Agena-B,Space Launch Complex 1E,"Vandenberg SFB, CA, USA",Launch Successful
Vostok | Korabl-Sputnik (4),1960-12-22T07:45:19Z,Soviet Space Program,Vostok,1/5,"Baikonur Cosmodrome, Republic of Kazakhstan",Launch Failure
Redstone MRLV | Mercury-Redstone 2,1961-01-31T16:55:00Z,National Aeronautics and Space Administration,Redstone,Launch Complex 5,"Cape Canaveral SFS, FL, USA",Launch Successful
Atlas LV-3A | Samos 2,1961-01-31T20:21:19Z,United States Air Force,Atlas Agena B,Space Launch Complex 3W,"Vandenberg SFB, CA, USA",Launch Successful
Molniya 8K78 | Venera-1VA 1,1961-02-04T01:18:03Z,Soviet Space Program,Molniya 8K78,1/5,"Baikonur Cosmodrome, Republic of Kazakhstan",Launch Failure
Molniya 8K78 | Venera-1VA 2,1961-02-12T00:34:36Z,Soviet Space Program,Molniya 8K78,1/5,"Baikonur Cosmodrome, Republic of Kazakhstan",Launch Successful
Scout X-1 | Explorer 9,1961-02-16T13:05:00Z,National Aeronautics and Space Administration,Scout X-1,Launch Area 3,"Wallops Flight Facility, Virginia, USA",Launch Successful
Thor DM-21 Agena-B | KH-5 1,1961-02-17T20:25:02Z,United States Air Force,Thor DM-21 Agena-B,Space Launch Complex 1W,"Vandenberg SFB, CA, USA",Launch Successful
Thor DM-21 Agena-B | Discoverer 21 (MIDAS RM-2),1961-02-18T22:57:58Z,United States Air Force,Thor DM-21 Agena-B,Space Launch Complex 1E,"Vandenberg SFB, CA, USA",Launch Successful
Atlas LV-3B | Mercury-Atlas 2,1961-02-21T14:10:00Z,National Aeronautics and Space Administration,Atlas LV-3B,Space Launch Complex 14,"Cape Canaveral SFS, FL, USA",Launch Successful
Thor DM-21 Ablestar | Transit 3B & LOFTI-1,1961-02-22T03:45:00Z,United States Air Force,Thor DM-21 Ablestar,Space Launch Complex 17B,"Cape Canaveral SFS, FL, USA",Launch was a Partial Failure
Juno II | S-45,1961-02-25T00:13:16Z,Army Ballistic Missile Agency,Juno II,Launch Complex 26B,"Cape Canaveral SFS, FL, USA",Launch Failure
Vostok-K | Sputnik 9,1961-03-09T06:29:00Z,Soviet Space Program,Vostok,1/5,"Baikonur Cosmodrome, Republic of Kazakhstan",Launch Successful
Little Joe | LJ-5A,1961-03-18T16:49:00Z,National Aeronautics and Space Administration,Little Joe,Launch Area 1,"Wallops Flight Facility, Virginia, USA",Launch was a Partial Failure
Redstone MRLV | Mercury-Redstone BD,1961-03-24T17:30:00Z,National Aeronautics and Space Administration,Redstone,Launch Complex 5,"Cape Canaveral SFS, FL, USA",Launch Successful
Vostok-K | Sputnik 10,1961-03-25T05:54:00Z,Soviet Space Program,Vostok,1/5,"Baikonur Cosmodrome, Republic of Kazakhstan",Launch Successful
Delta DM-19 | Explorer 10,1961-03-25T15:17:04Z,United States Air Force,Delta DM-19,Space Launch Complex 17A,"Cape Canaveral SFS, FL, USA",Launch Successful
Thor DM-21 Agena-B | Discoverer 22,1961-03-30T20:34:43Z,United States Air Force,Thor DM-21 Agena-B,Space Launch Complex 1W,"Vandenberg SFB, CA, USA",Launch Failure
Thor DM-21 Agena-B | KH-5 2,1961-04-08T19:21:08Z,United States Air Force,Thor DM-21 Agena-B,Space Launch Complex 1E,"Vandenberg SFB, CA, USA",Launch Successful
Vostok-K | Vostok 1,1961-04-12T06:07:00Z,Soviet Space Program,Vostok,1/5,"Baikonur Cosmodrome, Republic of Kazakhstan",Launch Successful
Trailblazer 1 | Trailblazer 1g,1961-04-21T05:56:20Z,National Aeronautics and Space Administration,Trailblazer 1,Unknown Pad,"Wallops Flight Facility, Virginia, USA",Launch Successful
Atlas LV-3B | Mercury-Atlas 3,1961-04-25T16:15:00Z,National Aeronautics and Space Administration,Atlas LV-3B,Space Launch Complex 14,"Cape Canaveral SFS, FL, USA",Launch Failure
Juno II | Explorer 11,1961-04-27T14:16:38Z,Army Ballistic Missile Agency,Juno II,Launch Complex 26B,"Cape Canaveral SFS, FL, USA",Launch Successful
Little Joe | LJ-5B,1961-04-28T14:03:00Z,National Aeronautics and Space Administration,Little Joe,Launch Area 4,"Wallops Flight Facility, Virginia, USA",Launch Successful
Redstone MRLV | Mercury-Redstone 3,1961-05-05T14:34:13Z,National Aeronautics and Space Administration,Redstone,Launch Complex 5,"Cape Canaveral SFS, FL, USA",Launch Successful
Juno II | S-45A,1961-05-24T19:48:05Z,Army Ballistic Missile Agency,Juno II,Launch Complex 26B,"Cape Canaveral SFS, FL, USA",Launch Failure
Thor DM-21 Agena-B | KH-5 3,1961-06-08T21:16:00Z,United States Air Force,Thor DM-21 Agena-B,Space Launch Complex 1W,"Vandenberg SFB, CA, USA",Launch Failure
Thor DM-21 Agena-B | Discoverer 25,1961-06-16T23:02:52Z,United States Air Force,Thor DM-21 Agena-B,Space Launch Complex 2E,"Vandenberg SFB, CA, USA",Launch Successful
Thor DM-21 Ablestar | Transit 4A & Injun-1 & Solrad 3,1961-06-29T04:23:00Z,United States Air Force,Thor DM-21 Ablestar,Space Launch Complex 17B,"Cape Canaveral SFS, FL, USA",Launch Successful
Scout X-1 | S-55,1961-06-30T17:09:00Z,National Aeronautics and Space Administration,Scout X-1,Launch Area 3,"Wallops Flight Facility, Virginia, USA",Launch Failure
Thor DM-21 Agena-B | Discoverer 26,1961-07-07T23:29:48Z,United States Air Force,Thor DM-21 Agena-B,Space Launch Complex 1E,"Vandenberg SFB, CA, USA",Launch Successful
Delta DM-19 | Tiros-3,1961-07-12T10:25:06Z,United States Air Force,Delta DM-19,Space Launch Complex 17A,"Cape Canaveral SFS, FL, USA",Launch Successful
Atlas LV-3A | MIDAS 3,1961-07-12T15:11:46Z,United States Air Force,Atlas Agena B,Space Launch Complex 3E,"Vandenberg SFB, CA, USA",Launch Successful
Redstone MRLV | Mercury-Redstone 4,1961-07-21T12:20:00Z,National Aeronautics and Space Administration,Redstone,Launch Complex 5,"Cape Canaveral SFS, FL, USA",Launch Successful
Thor DM-21 Agena-B | KH-5 4,1961-07-21T22:35:00Z,United States Air Force,Thor DM-21 Agena-B,Space Launch Complex 1W,"Vandenberg SFB, CA, USA",Launch Failure
Thor DM-21 Agena-B | Discoverer 28,1961-08-04T00:01:00Z,United States Air Force,Thor DM-21 Agena-B,Space Launch Complex 1W,"Vandenberg SFB, CA, USA",Launch Failure
Vostok-K | Vostok 2,1961-08-06T06:00:00Z,Soviet Space Program,Vostok,1/5,"Baikonur Cosmodrome, Republic of Kazakhstan",Launch Successful
Delta DM-19 | Explorer 12,1961-08-16T03:21:05Z,United States Air Force,Delta DM-19,Space Launch Complex 17A,"Cape Canaveral SFS, FL, USA",Launch Successful
Blue Scout Jr | O-1,1961-08-17T14:29:00Z,United States Air Force,Blue Scout Jr,Launch Complex 18A,"Cape Canaveral SFS, FL, USA",Launch Successful
Atlas LV-3A | Ranger 1,1961-08-23T10:04:10Z,United States Air Force,Atlas Agena B,Launch Complex 12,"Cape Canaveral SFS, FL, USA",Launch was a Partial Failure
Scout X-1 | Explorer 13,1961-08-25T18:29:44Z,National Aeronautics and Space Administration,Scout X-1,Launch Area 3,"Wallops Flight Facility, Virginia, USA",Launch Failure
Thor DM-21 Agena-B | Discoverer 29,1961-08-30T20:00:00Z,United States Air Force,Thor DM-21 Agena-B,Space Launch Complex 1W,"Vandenberg SFB, CA, USA",Launch Successful
Atlas LV-3A | Samos 3,1961-09-09T19:28:27Z,United States Air Force,Atlas Agena B,Space Launch Complex 3W,"Vandenberg SFB, CA, USA",Launch Failure
Thor DM-21 Agena-B | Discoverer 30,1961-09-12T19:59:00Z,United States Air Force,Thor DM-21 Agena-B,Space Launch Complex 1E,"Vandenberg SFB, CA, USA",Launch Successful
Atlas LV-3B | Mercury-Atlas 4,1961-09-13T14:04:16Z,National Aeronautics and Space Administration,Atlas LV-3B,Space Launch Complex 14,"Cape Canaveral SFS, FL, USA",Launch Successful
Thor DM-21 Agena-B | Discoverer 31,1961-09-17T21:00:00Z,United States Air Force,Thor DM-21 Agena-B,Space Launch Complex 2E,"Vandenberg SFB, CA, USA",Launch Successful
Thor DM-21 Agena-B | Discoverer 32,1961-10-13T19:22:00Z,United States Air Force,Thor DM-21 Agena-B,Space Launch Complex 1W,"Vandenberg SFB, CA, USA",Launch Successful
Scout X-1 | P-21,1961-10-19T17:38:00Z,National Aeronautics and Space Administration,Scout X-1,Launch Area 3,"Wallops Flight Facility, Virginia, USA",Launch Successful
Atlas LV-3A | MIDAS 4 & Westford-1,1961-10-21T13:53:03Z,United States Air Force,Atlas Agena B,Space Launch Complex 3E,"Vandenberg SFB, CA, USA",Launch Successful
Thor DM-21 Agena-B | Discoverer 33,1961-10-23T19:23:00Z,United States Air Force,Thor DM-21 Agena-B,Space Launch Complex 1E,"Vandenberg SFB, CA, USA",Launch Failure
Saturn I | Saturn SA-1,1961-10-27T15:06:04Z,National Aeronautics and Space Administration,Saturn I,Launch Complex 34,"Cape Canaveral SFS, FL, USA",Launch Successful
Kosmos-2I 63S1 | Kosmos-2I | DS-1-1,1961-10-27T16:30:00Z,Strategic Rocket Forces,Kosmos-2I 63S1,Mayak-2,"Kapustin Yar, Russian Federation",Launch Failure
Blue Scout II | Mercury-Scout 1,1961-11-01T15:32:00Z,National Aeronautics and Space Administration,Blue Scout II,Launch Complex 18B,"Cape Canaveral SFS, FL, USA",Launch Failure
Thor DM-21 Agena-B | Discoverer 34,1961-11-05T20:00:30Z,United States Air Force,Thor DM-21 Agena-B,Space Launch Complex 2E,"Vandenberg SFB, CA, USA",Launch was a Partial Failure
Thor DM-21 Agena-B | Discoverer 35,1961-11-15T21:22:46Z,United States Air Force,Thor DM-21 Agena-B,Space Launch Complex 1W,"Vandenberg SFB, CA, USA",Launch Successful
Thor DM-21 Ablestar | Transit 4B & TRAAC,1961-11-15T22:26:00Z,United States Air Force,Thor DM-21 Ablestar,Space Launch Complex 17B,"Cape Canaveral SFS, FL, USA",Launch Successful
Atlas LV-3A | Ranger 2,1961-11-18T08:12:00Z,United States Air Force,Atlas Agena B,Launch Complex 12,"Cape Canaveral SFS, FL, USA",Launch Failure
Atlas LV-3A | Samos 4,1961-11-22T20:45:47Z,United States Air Force,Atlas Agena B,Space Launch Complex 3W,"Vandenberg SFB, CA, USA",Launch Failure
Atlas LV-3B | Mercury-Atlas 5,1961-11-29T15:07:57Z,National Aeronautics and Space Administration,Atlas LV-3B,Space Launch Complex 14,"Cape Canaveral SFS, FL, USA",Launch Successful
Blue Scout Jr | Blue Scout Jr. O-2,1961-12-04T04:00:16Z,United States Air Force,Blue Scout Jr,Launch Complex A,"Vandenberg SFB, CA, USA",Launch Successful
Vostok-K | Zenit-2 1,1961-12-11T09:39:02Z,Soviet Space Program,Vostok,1/5,"Baikonur Cosmodrome, Republic of Kazakhstan",Launch Failure
Thor DM-21 Agena-B | Discoverer 36 & OSCAR 1,1961-12-12T20:40:00Z,United States Air Force,Thor DM-21 Agena-B,Space Launch Complex 1W,"Vandenberg SFB, CA, USA",Launch Successful
Kosmos-2I 63S1 | DS-1 2,1961-12-21T12:30:00Z,Strategic Rocket Forces,Kosmos-2I 63S1,Mayak-2,"Kapustin Yar, Russian Federation",Launch Failure
Atlas LV-3A | Samos 5,1961-12-22T19:12:33Z,United States Air Force,Atlas Agena B,Space Launch Complex 3E,"Vandenberg SFB, CA, USA",Launch was a Partial Failure
Thor DM-21 Agena-B | Discoverer 37,1962-01-13T21:41:02Z,United States Air Force,Thor DM-21 Agena-B,Space Launch Complex 1W,"Vandenberg SFB, CA, USA",Launch Failure
Thor DM-21 Ablestar | 5 Payloads Rideshare,1962-01-24T09:30:00Z,United States Air Force,Thor DM-21 Ablestar,Space Launch Complex 17B,"Cape Canaveral SFS, FL, USA",Launch Failure
Atlas Agena B | Ranger 3,1962-01-26T20:30:11Z,United States Air Force,Atlas Agena B,Launch Complex 12,"Cape Canaveral SFS, FL, USA",Launch Successful
Thor Delta | Tiros 4,1962-02-08T12:43:45Z,United States Air Force,Thor Delta,Space Launch Complex 17A,"Cape Canaveral SFS, FL, USA",Launch Successful
Atlas LV-3B | Mercury-Atlas 6,1962-02-20T14:47:39Z,National Aeronautics and Space Administration,Atlas LV-3B,Space Launch Complex 14,"Cape Canaveral SFS, FL, USA",Launch Successful
Thor DM-21 Agena-B | P-102 Group 0-D,1962-02-21T18:44:00Z,United States Air Force,Thor DM-21 Agena-B,Space Launch Complex 1E,"Vandenberg SFB, CA, USA",Launch Successful
Thor DM-21 Agena-B | KH-4 1,1962-02-27T19:39:20Z,United States Air Force,Thor DM-21 Agena-B,Space Launch Complex 1W,"Vandenberg SFB, CA, USA",Launch Successful
Thor Delta | OSO 1,1962-03-07T16:06:18Z,United States Air Force,Thor Delta,Space Launch Complex 17A,"Cape Canaveral SFS, FL, USA",Launch Successful
Atlas Agena B | Samos 6,1962-03-07T22:10:31Z,United States Air Force,Atlas Agena B,Space Launch Complex 3E,"Vandenberg SFB, CA, USA",Launch Successful
Kosmos-2I 63S1 | DS-2 1,1962-03-16T11:59:00Z,Soviet Space Program,Kosmos-2I 63S1,Mayak-2,"Kapustin Yar, Russian Federation",Launch Successful
Scout X-2 | P-21A,1962-03-29T07:27:00Z,National Aeronautics and Space Administration,Scout X-2,Launch Area 3,"Wallops Flight Facility, Virginia, USA",Launch Successful
Kosmos-2I 63S1 | 1MS 1,1962-04-06T17:15:00Z,Soviet Space Program,Kosmos-2I 63S1,Mayak-2,"Kapustin Yar, Russian Federation",Launch Successful
Atlas Agena B | Midas 5,1962-04-09T15:04:48Z,United States Air Force,Atlas Agena B,Space Launch Complex 3E,"Vandenberg SFB, CA, USA",Launch Successful
Thor DM-21 Agena-B | KH-4 2,1962-04-18T00:53:47Z,United States Air Force,Thor DM-21 Agena-B,Space Launch Complex 1E,"Vandenberg SFB, CA, USA",Launch Successful
Atlas Agena B | Ranger 4,1962-04-23T20:50:00Z,United States Air Force,Atlas Agena B,Launch Complex 12,"Cape Canaveral SFS, FL, USA",Launch Successful
Kosmos-2I 63S1 | Sputnik 13,1962-04-24T04:00:00Z,Soviet Space Program,Kosmos-2I 63S1,Mayak-2,"Kapustin Yar, Russian Federation",Launch Successful
Saturn I | Saturn SA-2,1962-04-25T14:00:34Z,National Aeronautics and Space Administration,Saturn I,Launch Complex 34,"Cape Canaveral SFS, FL, USA",Launch Successful
Vostok | Zenit-2 2,1962-04-26T10:02:00Z,Soviet Space Program,Vostok,1/5,"Baikonur Cosmodrome, Republic of Kazakhstan",Launch Successful
Scout X-2 | SOLRAD 4B,1962-04-26T10:49:00Z,US Navy,Scout X-2,Space Launch Complex 5,"Vandenberg SFB, CA, USA",Launch Failure
Thor Delta | Ariel 1,1962-04-26T18:00:16Z,United States Air Force,Thor Delta,Space Launch Complex 17A,"Cape Canaveral SFS, FL, USA",Launch Successful
Atlas Agena B | Samos-E6 1,1962-04-26T18:56:08Z,United States Air Force,Atlas Agena B,Space Launch Complex 3W,"Vandenberg SFB, CA, USA",Launch Successful
Thor DM-21 Agena-B | KH-4 3,1962-04-29T00:30:12Z,United States Air Force,Thor DM-21 Agena-B,Space Launch Complex 1W,"Vandenberg SFB, CA, USA",Launch Successful
Trailblazer 2 | Trailblazer IIb,1962-05-06T05:41:00Z,National Aeronautics and Space Administration,Trailblazer 2,Unknown Pad,"Wallops Flight Facility, Virginia, USA",Launch Successful
Thor DM-21 Ablestar | ANNA 1A,1962-05-10T12:06:00Z,United States Air Force,Thor DM-21 Ablestar,Space Launch Complex 17B,"Cape Canaveral SFS, FL, USA",Launch Failure
Thor DM-21 Agena-B | KH-5 5,1962-05-15T19:36:00Z,United States Air Force,Thor DM-21 Agena-B,Space Launch Complex 1E,"Vandenberg SFB, CA, USA",Launch Successful
Scout X-2M | DSAP-1 F1,1962-05-24T00:00:00Z,United States Air Force,Scout X-2M,Space Launch Complex 5,"Vandenberg SFB, CA, USA",Launch Failure
Atlas LV-3B | Mercury-Atlas 7,1962-05-24T12:45:16Z,National Aeronautics and Space Administration,Atlas LV-3B,Space Launch Complex 14,"Cape Canaveral SFS, FL, USA",Launch Successful
Kosmos-2I 63S1 | Sputnik 15,1962-05-28T03:00:00Z,Soviet Space Program,Kosmos-2I 63S1,Mayak-2,"Kapustin Yar, Russian Federation",Launch Successful
Thor DM-21 Agena-B | KH-4 4,1962-05-30T01:00:04Z,United States Air Force,Thor DM-21 Agena-B,Space Launch Complex 2E,"Vandenberg SFB, CA, USA",Launch Successful
Vostok 8A92 | Zenit-2 3,1962-06-01T09:38:00Z,Soviet Space Program,Vostok 8A92,1/5,"Baikonur Cosmodrome, Republic of Kazakhstan",Launch Failure
Thor DM-21 Agena-B | KH-4 5,1962-06-02T00:31:28Z,United States Air Force,Thor DM-21 Agena-B,Space Launch Complex 1W,"Vandenberg SFB, CA, USA",Launch Successful
Atlas Agena B | Samos-E6 2,1962-06-17T18:14:18Z,United States Air Force,Atlas Agena B,Space Launch Complex 3W,"Vandenberg SFB, CA, USA",Launch Successful
Thor DM-21 Agena-B | P-102 Group 2-D 1,1962-06-18T20:20:00Z,United States Air Force,Thor DM-21 Agena-B,Space Launch Complex 1E,"Vandenberg SFB, CA, USA",Launch Successful
Thor Delta | Tiros 5,1962-06-19T12:19:01Z,United States Air Force,Thor Delta,Space Launch Complex 17A,"Cape Canaveral SFS, FL, USA",Launch Successful
Thor DM-21 Agena-B | KH-4 6,1962-06-23T00:30:47Z,United States Air Force,Thor DM-21 Agena-B,Space Launch Complex 1W,"Vandenberg SFB, CA, USA",Launch Successful
Thor Agena D | KH-4 7,1962-06-28T01:09:00Z,United States Air Force,Thor Agena D,Space Launch Complex 2E,"Vandenberg SFB, CA, USA",Launch Successful
Kosmos-2I 63S1 | DS-P1 1,1962-06-30T16:00:00Z,Soviet Space Program,Kosmos-2I 63S1,Mayak-2,"Kapustin Yar, Russian Federation",Launch Successful
Thor Delta | Telstar 1,1962-07-10T08:35:05Z,United States Air Force,Thor Delta,Space Launch Complex 17B,"Cape Canaveral SFS, FL, USA",Launch Successful
X-15 | Flight 62,1962-07-17T17:30:00Z,United States Air Force,North American X-15,Edwards Air Force Base,Air launch to Suborbital flight,Launch Successful
Atlas Agena B | Samos-E6 3,1962-07-18T20:51:20Z,United States Air Force,Atlas Agena B,Space Launch Complex 3W,"Vandenberg SFB, CA, USA",Launch Successful
Thor DM-21 Agena-B | KH-4 8,1962-07-21T00:56:40Z,United States Air Force,Thor DM-21 Agena-B,Space Launch Complex 1E,"Vandenberg SFB, CA, USA",Launch Successful
Atlas Agena B | Mariner 1,1962-07-22T09:21:23Z,United States Air Force,Atlas Agena B,Launch Complex 12,"Cape Canaveral SFS, FL, USA",Launch Failure
Thor DM-21 Agena-B | KH-4 9,1962-07-28T00:30:09Z,United States Air Force,Thor DM-21 Agena-B,Space Launch Complex 1W,"Vandenberg SFB, CA, USA",Launch Successful
Vostok 8A92 | Zenit-2 4,1962-07-28T09:18:31Z,Soviet Space Program,Vostok 8A92,1/5,"Baikonur Cosmodrome, Republic of Kazakhstan",Launch Successful
Thor Agena D | KH-4 10,1962-08-02T00:17:00Z,United States Air Force,Thor Agena D,Space Launch Complex 2E,"Vandenberg SFB, CA, USA",Launch Successful
Atlas Agena B | Samos-E6 4,1962-08-05T17:58:59Z,United States Air Force,Atlas Agena B,Space Launch Complex 3W,"Vandenberg SFB, CA, USA",Launch Successful
Vostok-K | Vostok 3,1962-08-11T08:30:00Z,Soviet Space Program,Vostok,1/5,"Baikonur Cosmodrome, Republic of Kazakhstan",Launch Successful
Vostok-K | Vostok 4,1962-08-12T08:02:33Z,Soviet Space Program,Vostok,1/5,"Baikonur Cosmodrome, Republic of Kazakhstan",Launch Successful
Kosmos-2I 63S1 | Sputnik 18,1962-08-18T15:00:00Z,Soviet Space Program,Kosmos-2I 63S1,Mayak-2,"Kapustin Yar, Russian Federation",Launch Successful
Scout X-2M | DSAP-1 F2,1962-08-23T11:33:00Z,United States Air Force,Scout X-2M,Space Launch Complex 5,"Vandenberg SFB, CA, USA",Launch Successful
Molniya 8K78 | Venera 2a,1962-08-25T02:18:45Z,Soviet Space Program,Molniya 8K78,1/5,"Baikonur Cosmodrome, Republic of Kazakhstan",Launch Failure
Atlas Agena B | Mariner 2,1962-08-27T06:53:14Z,United States Air Force,Atlas Agena B,Launch Complex 12,"Cape Canaveral SFS, FL, USA",Launch Successful
Thor Agena D | KH-4 11 & RM 3,1962-08-29T01:00:36Z,United States Air Force,Thor Agena D,Space Launch Complex 2W,"Vandenberg SFB, CA, USA",Launch Successful
Scout X-3A | Reentry-2,1962-08-31T16:25:00Z,National Aeronautics and Space Administration,Scout X-3A,Launch Area 3,"Wallops Flight Facility, Virginia, USA",Launch Successful
Molniya 8K78 | Venera 2b,1962-09-01T02:12:30Z,Soviet Space Program,Molniya 8K78,1/5,"Baikonur Cosmodrome, Republic of Kazakhstan",Launch Failure
Thor DM-21 Agena-B | KH-5 6,1962-09-01T20:39:09Z,United States Air Force,Thor DM-21 Agena-B,Space Launch Complex 1E,"Vandenberg SFB, CA, USA",Launch Successful
Molniya 8K78 | Venera 2c,1962-09-12T00:59:13Z,Soviet Space Program,Molniya 8K78,1/5,"Baikonur Cosmodrome, Republic of Kazakhstan",Launch Failure
Thor DM-21 Agena-B | KH-4 12,1962-09-17T23:46:18Z,United States Air Force,Thor DM-21 Agena-B,Space Launch Complex 1W,"Vandenberg SFB, CA, USA",Launch Successful
Thor Delta | Tiros 6,1962-09-18T08:53:08Z,United States Air Force,Thor Delta,Space Launch Complex 17A,"Cape Canaveral SFS, FL, USA",Launch Successful
Vostok 8A92 | Zenit-2 5,1962-09-27T09:39:51Z,Soviet Space Program,Vostok 8A92,1/5,"Baikonur Cosmodrome, Republic of Kazakhstan",Launch Successful
Thor DM-21 Agena-B | Alouette 1,1962-09-29T06:05:00Z,United States Air Force,Thor DM-21 Agena-B,Space Launch Complex 2E,"Vandenberg SFB, CA, USA",Launch Successful
Thor Agena D | KH-4 13 & RM 4,1962-09-29T23:34:50Z,United States Air Force,Thor Agena D,Space Launch Complex 2W,"Vandenberg SFB, CA, USA",Launch Successful
Thor Delta A | Explorer 14,1962-10-02T22:11:30Z,United States Air Force,Thor Delta A,Space Launch Complex 17B,"Cape Canaveral SFS, FL, USA",Launch Successful
Atlas LV-3B | Mercury-Atlas 8,1962-10-03T12:15:12Z,National Aeronautics and Space Administration,Atlas LV-3B,Space Launch Complex 14,"Cape Canaveral SFS, FL, USA",Launch Successful
Thor DM-21 Agena-B | KH-5 7,1962-10-09T18:35:39Z,United States Air Force,Thor DM-21 Agena-B,Space Launch Complex 1W,"Vandenberg SFB, CA, USA",Launch Successful
Vostok 8A92 | Zenit-2 6,1962-10-17T09:00:00Z,Soviet Space Program,Vostok 8A92,1/5,"Baikonur Cosmodrome, Republic of Kazakhstan",Launch Successful
Atlas Agena B | Ranger 5,1962-10-18T16:59:00Z,United States Air Force,Atlas Agena B,Launch Complex 12,"Cape Canaveral SFS, FL, USA",Launch Successful
Kosmos-2I 63S1 | DS-A1 1,1962-10-20T04:00:00Z,Soviet Space Program,Kosmos-2I 63S1,Mayak-2,"Kapustin Yar, Russian Federation",Launch Successful
Molniya 8K78 | Mars 1c,1962-10-24T17:55:04Z,Soviet Space Program,Molniya 8K78,1/5,"Baikonur Cosmodrome, Republic of Kazakhstan",Launch Failure
Kosmos-2I 63S1 | 1MS 2,1962-10-25T07:00:00Z,Soviet Space Program,Kosmos-2I 63S1,Mayak-2,"Kapustin Yar, Russian Federation",Launch Failure
Thor Agena D | Star-Rad,1962-10-26T16:14:39Z,United States Air Force,Thor Agena D,Space Launch Complex 2W,"Vandenberg SFB, CA, USA",Launch Successful
Thor Delta A | Explorer 15,1962-10-27T23:15:01Z,United States Air Force,Thor Delta A,Space Launch Complex 17B,"Cape Canaveral SFS, FL, USA",Launch Successful
Thor DM-21 Ablestar | ANNA 1B,1962-10-31T08:08:00Z,United States Air Force,Thor DM-21 Ablestar,Space Launch Complex 17A,"Cape Canaveral SFS, FL, USA",Launch Successful
Molniya 8K78 | Mars 1,1962-11-01T16:14:16Z,Soviet Space Program,Molniya 8K78,1/5,"Baikonur Cosmodrome, Republic of Kazakhstan",Launch Successful
Molniya 8K78 | Mars 2a,1962-11-04T15:35:15Z,Soviet Space Program,Molniya 8K78,1/5,"Baikonur Cosmodrome, Republic of Kazakhstan",Launch Failure
Thor DM-21 Agena-B | KH-4 14,1962-11-05T22:04:32Z,United States Air Force,Thor DM-21 Agena-B,Space Launch Complex 1W,"Vandenberg SFB, CA, USA",Launch Successful
Atlas Agena B | Samos-E6 5,1962-11-11T20:17:02Z,United States Air Force,Atlas Agena B,Space Launch Complex 3W,"Vandenberg SFB, CA, USA",Launch Successful
Saturn I | Saturn SA-3,1962-11-16T17:45:02Z,National Aeronautics and Space Administration,Saturn I,Launch Complex 34,"Cape Canaveral SFS, FL, USA",Launch Successful
Thor DM-21 Agena-B | KH-4 15,1962-11-24T22:00:54Z,United States Air Force,Thor DM-21 Agena-B,Space Launch Complex 1W,"Vandenberg SFB, CA, USA",Launch Successful
Thor Agena D | KH-4 16,1962-12-04T21:30:35Z,United States Air Force,Thor Agena D,Space Launch Complex 2W,"Vandenberg SFB, CA, USA",Launch Successful
Thor Agena D | Poppy 3A & 3B,1962-12-13T04:07:00Z,United States Air Force,Thor Agena D,Space Launch Complex 2E,"Vandenberg SFB, CA, USA",Launch Successful
Thor Delta B | Relay 1,1962-12-13T23:30:01Z,United States Air Force,Thor Delta B,Space Launch Complex 17A,"Cape Canaveral SFS, FL, USA",Launch Successful
Thor Agena D | KH-4 17,1962-12-14T21:26:07Z,United States Air Force,Thor Agena D,Space Launch Complex 1E,"Vandenberg SFB, CA, USA",Launch Successful
Scout X-3 | Explorer 16,1962-12-16T14:33:04Z,National Aeronautics and Space Administration,Scout X-3,Launch Area 3,"Wallops Flight Facility, Virginia, USA",Launch Successful
Atlas Agena B | Midas 6,1962-12-17T20:36:33Z,United States Air Force,Atlas Agena B,Space Launch Complex 3E,"Vandenberg SFB, CA, USA",Launch Failure
Scout X-3 | Transit-5A 1,1962-12-19T01:25:45Z,United States Air Force,Scout X-3,Space Launch Complex 5,"Vandenberg SFB, CA, USA",Launch Successful
Vostok 8A92 | Zenit-2 7,1962-12-22T09:23:00Z,Soviet Space Program,Vostok 8A92,1/5,"Baikonur Cosmodrome, Republic of Kazakhstan",Launch Successful
Molniya 8K78 | Luna-4c,1963-01-04T08:49:00Z,Soviet Space Program,Molniya 8K78,1/5,"Baikonur Cosmodrome, Republic of Kazakhstan",Launch Failure
Thor Agena D | KH-4 18,1963-01-07T21:09:49Z,United States Air Force,Thor Agena D,Space Launch Complex 2E,"Vandenberg SFB, CA, USA",Launch Successful
Thor DM-21 Agena-B | P-698BK Group 1-D 1,1963-01-16T21:59:00Z,United States Air Force,Thor DM-21 Agena-B,Space Launch Complex 1E,"Vandenberg SFB, CA, USA",Launch Successful
X-15 | Flight 77,1963-01-17T16:59:00Z,United States Air Force,North American X-15,Edwards Air Force Base,Air launch to Suborbital flight,Launch Successful
Molniya 8K78 | Luna-4d,1963-02-03T09:29:14Z,Soviet Space Program,Molniya 8K78,1/5,"Baikonur Cosmodrome, Republic of Kazakhstan",Launch Failure
Thor Delta B | Syncom 1,1963-02-14T05:35:08Z,United States Air Force,Thor Delta B,Space Launch Complex 17B,"Cape Canaveral SFS, FL, USA",Launch Successful
Scout X-3M | DSAP-1 F3,1963-02-19T16:52:00Z,United States Air Force,Scout X-3M,Space Launch Complex 5,"Vandenberg SFB, CA, USA",Launch Successful
Thor SLV-2A Agena D | KH-4 19,1963-02-28T21:48:30Z,United States Air Force,Thor SLV-2A Agena D,Space Launch Complex 1E,"Vandenberg SFB, CA, USA",Launch Failure
Thor SLV-2A Agena D | KH-6 1,1963-03-18T21:13:01Z,United States Air Force,Thor SLV-2A Agena D,Space Launch Complex 1W,"Vandenberg SFB, CA, USA",Launch Failure
Vostok 8A92 | Zenit-2 8,1963-03-21T08:30:01Z,Soviet Space Program,Vostok 8A92,1/5,"Baikonur Cosmodrome, Republic of Kazakhstan",Launch Successful
Saturn I | Saturn SA-4,1963-03-28T20:11:55Z,National Aeronautics and Space Administration,Saturn I,Launch Complex 34,"Cape Canaveral SFS, FL, USA",Launch Successful
Thor Agena D | KH-4 20,1963-04-01T23:01:00Z,United States Air Force,Thor Agena D,Space Launch Complex 1E,"Vandenberg SFB, CA, USA",Launch Successful
Molniya 8K78 | Luna-4,1963-04-02T08:16:37Z,Soviet Space Program,Molniya 8K78,1/5,"Baikonur Cosmodrome, Republic of Kazakhstan",Launch Successful
Thor Delta B | Explorer 17,1963-04-03T02:00:02Z,United States Air Force,Thor Delta B,Space Launch Complex 17A,"Cape Canaveral SFS, FL, USA",Launch Successful
Scout X-3 | Transit-5A 2,1963-04-05T03:01:43Z,United States Air Force,Scout X-3,Space Launch Complex 5,"Vandenberg SFB, CA, USA",Launch Failure
Kosmos-2I 63S1 | DS-P1 2,1963-04-06T03:01:00Z,Soviet Space Program,Kosmos-2I 63S1,Mayak-2,"Kapustin Yar, Russian Federation",Launch Failure
Kosmos-2I 63S1 | Omega 1,1963-04-13T11:00:00Z,Soviet Space Program,Kosmos-2I 63S1,Mayak-2,"Kapustin Yar, Russian Federation",Launch Successful
Vostok 8A92 | Zenit-2 9,1963-04-22T08:30:00Z,Soviet Space Program,Vostok 8A92,1/5,"Baikonur Cosmodrome, Republic of Kazakhstan",Launch Successful
Scout X-2M | DSAP-1 F4,1963-04-26T00:00:00Z,United States Air Force,Scout X-2M,Space Launch Complex 5,"Vandenberg SFB, CA, USA",Launch Failure
Thor Agena D | KH-5 8,1963-04-26T20:12:57Z,United States Air Force,Thor Agena D,Space Launch Complex 2E,"Vandenberg SFB, CA, USA",Launch Failure
Vostok 8A92 | Zenit-2 10,1963-04-28T08:49:56Z,Soviet Space Program,Vostok 8A92,1/5,"Baikonur Cosmodrome, Republic of Kazakhstan",Launch Successful
Thor Delta B | Telstar 2,1963-05-07T11:38:03Z,United States Air Force,Thor Delta B,Space Launch Complex 17B,"Cape Canaveral SFS, FL, USA",Launch Successful
Atlas Agena B | Midas 7,1963-05-09T20:06:16Z,United States Air Force,Atlas Agena B,Space Launch Complex 3E,"Vandenberg SFB, CA, USA",Launch Successful
Atlas LV-3B | Mercury-Atlas 9,1963-05-15T13:04:13Z,National Aeronautics and Space Administration,Atlas LV-3B,Space Launch Complex 14,"Cape Canaveral SFS, FL, USA",Launch Successful
Thor SLV-2A Agena D | KH-6 2,1963-05-18T22:21:36Z,United States Air Force,Thor SLV-2A Agena D,Space Launch Complex 1E,"Vandenberg SFB, CA, USA",Launch Successful
Kosmos-2I 63S1 | DS-A1 2,1963-05-22T03:00:00Z,Soviet Space Program,Kosmos-2I 63S1,Mayak-2,"Kapustin Yar, Russian Federation",Launch Successful
Vostok 8A92 | Zenit-2 11,1963-05-24T10:34:06Z,Soviet Space Program,Vostok 8A92,1/5,"Baikonur Cosmodrome, Republic of Kazakhstan",Launch Successful
Kosmos-2I 63S1 | DS-MT 1,1963-06-01T02:50:00Z,Soviet Space Program,Kosmos-2I 63S1,Mayak-2,"Kapustin Yar, Russian Federation",Launch Failure
Atlas Agena B | Midas 8,1963-06-12T00:00:00Z,United States Air Force,Atlas Agena B,Space Launch Complex 3E,"Vandenberg SFB, CA, USA",Launch Failure
Thor SLV-2A Agena D | KH-4 21,1963-06-12T23:58:38Z,United States Air Force,Thor SLV-2A Agena D,Space Launch Complex 1W,"Vandenberg SFB, CA, USA",Launch Successful
Vostok-K | Vostok 5,1963-06-14T11:58:58Z,Soviet Space Program,Vostok,1/5,"Baikonur Cosmodrome, Republic of Kazakhstan",Launch Successful
Thor Agena D | Poppy 4A & 4B,1963-06-15T14:29:00Z,United States Air Force,Thor Agena D,Space Launch Complex 2E,"Vandenberg SFB, CA, USA",Launch Failure
Scout X-3 | Transit-5A 3,1963-06-16T01:49:52Z,United States Air Force,Scout X-3,Space Launch Complex 5,"Vandenberg SFB, CA, USA",Launch Successful
Vostok-K | Vostok 6,1963-06-16T09:29:52Z,Soviet Space Program,Vostok,1/5,"Baikonur Cosmodrome, Republic of Kazakhstan",Launch Successful
Thor Delta B | Tiros 7,1963-06-19T09:50:01Z,United States Air Force,Thor Delta B,Space Launch Complex 17B,"Cape Canaveral SFS, FL, USA",Launch Successful
Thor SLV-2A Agena D | KH-4 22,1963-06-27T00:37:26Z,United States Air Force,Thor SLV-2A Agena D,Space Launch Complex 2W,"Vandenberg SFB, CA, USA",Launch Successful
X-15 | Flight 87,1963-06-27T17:56:00Z,United States Air Force,North American X-15,Edwards Air Force Base,Air launch to Suborbital flight,Launch Successful
Scout X-4 | GRS,1963-06-28T21:19:22Z,United States Air Force,Scout X-4,Launch Area 3,"Wallops Flight Facility, Virginia, USA",Launch Successful
Thor SLV-2A Agena B | P-698BK Group 1-D 2,1963-06-29T22:30:00Z,United States Air Force,Thor SLV-2A Agena B,Space Launch Complex 1E,"Vandenberg SFB, CA, USA",Launch Successful
Atlas Agena D | KH-7 1,1963-07-12T20:45:59Z,United States Air Force,Atlas Agena D,Space Launch Complex 4W,"Vandenberg SFB, CA, USA",Launch Successful
Thor Agena D | KH-4 23,1963-07-19T00:00:10Z,United States Air Force,Thor Agena D,Space Launch Complex 2E,"Vandenberg SFB, CA, USA",Launch Successful
Atlas Agena B | Midas 9,1963-07-19T03:51:18Z,United States Air Force,Atlas Agena B,Space Launch Complex 3E,"Vandenberg SFB, CA, USA",Launch Successful
X-15 | Flight 90,1963-07-19T18:20:05Z,United States Air Force,North American X-15,Edwards Air Force Base,Air launch to Suborbital flight,Launch Successful
Thor Delta B | Syncom 2,1963-07-26T14:33:00Z,United States Air Force,Thor Delta B,Space Launch Complex 17A,"Cape Canaveral SFS, FL, USA",Launch Successful
Blue Scout Jr | OAR 22-1,1963-07-30T16:16:08Z,United States Air Force,Blue Scout Jr,Launch Complex 18A,"Cape Canaveral SFS, FL, USA",Launch Successful
Thor SLV-2A Agena D | KH-6 3,1963-07-31T00:00:26Z,United States Air Force,Thor SLV-2A Agena D,Space Launch Complex 2W,"Vandenberg SFB, CA, USA",Launch Successful
Kosmos-2I 63S1 | DS-P1 3,1963-08-06T06:07:00Z,Soviet Space Program,Kosmos-2I 63S1,Mayak-2,"Kapustin Yar, Russian Federation",Launch Successful
Kosmos-2I 63S1 | DS-A1 3,1963-08-22T06:00:00Z,Soviet Space Program,Kosmos-2I 63S1,Mayak-2,"Kapustin Yar, Russian Federation",Launch Failure
X-15 | Flight 91,1963-08-22T18:05:57Z,United States Air Force,North American X-15,Edwards Air Force Base,Air launch to Suborbital flight,Launch Successful
Thor SLV-2A Agena D | KH-4A 1,1963-08-25T00:29:58Z,United States Air Force,Thor SLV-2A Agena D,Space Launch Complex 1W,"Vandenberg SFB, CA, USA",Launch Successful
Little Joe II | QTV,1963-08-28T16:00:02Z,National Aeronautics and Space Administration,Little Joe II,Launch Complex 36,White Sands Missile Range,Launch Successful
Thor SLV-2 Agena D | KH-5 9,1963-08-29T20:31:04Z,United States Air Force,Thor SLV-2 Agena D,Space Launch Complex 1E,"Vandenberg SFB, CA, USA",Launch Successful
Atlas Agena D | KH-7 2,1963-09-06T19:30:18Z,United States Air Force,Atlas Agena D,Space Launch Complex 4W,"Vandenberg SFB, CA, USA",Launch Successful
Thor SLV-2A Agena D | KH-4A 2,1963-09-23T23:00:00Z,United States Air Force,Thor SLV-2A Agena D,Space Launch Complex 2W,"Vandenberg SFB, CA, USA",Launch Successful
Scout X-2B | DSAP-1 F5,1963-09-27T11:17:49Z,United States Air Force,Scout X-2B,Space Launch Complex 5,"Vandenberg SFB, CA, USA",Launch Failure
Thor DM-21 Ablestar | Transit 5BN-1,1963-09-28T20:22:00Z,United States Air Force,Thor DM-21 Ablestar,Space Launch Complex 2E,"Vandenberg SFB, CA, USA",Launch Successful
Atlas Agena D | Vela 1A & 1B,1963-10-17T02:37:00Z,United States Air Force,Atlas Agena D,Space Launch Complex 13,"Cape Canaveral SFS, FL, USA",Launch Successful
Vostok 8A92 | Zenit-2 13,1963-10-18T09:29:58Z,Soviet Space Program,Vostok 8A92,1/5,"Baikonur Cosmodrome, Republic of Kazakhstan",Launch Successful
Kosmos-2I 63S1 | DS-A1 4,1963-10-24T04:30:00Z,Soviet Space Program,Kosmos-2I 63S1,Mayak-2,"Kapustin Yar, Russian Federation",Launch Failure
Atlas Agena D | KH-7 3,1963-10-25T18:59:27Z,United States Air Force,Atlas Agena D,Space Launch Complex 4W,"Vandenberg SFB, CA, USA",Launch Successful
Thor SLV-2A Agena D | KH-5 10,1963-10-29T21:19:04Z,United States Air Force,Thor SLV-2A Agena D,Space Launch Complex 1W,"Vandenberg SFB, CA, USA",Launch Successful
Sputnik 11A59 | Polyot,1963-11-01T08:56:38Z,Soviet Space Program,Sputnik 11A59,31/6,"Baikonur Cosmodrome, Republic of Kazakhstan",Launch Successful
Thor SLV-2 Agena D | KH-4 24 & RM 5,1963-11-09T20:27:54Z,United States Air Force,Thor SLV-2 Agena D,Space Launch Complex 2W,"Vandenberg SFB, CA, USA",Launch Failure
Molniya 8K78 | Zond-1a,1963-11-11T06:23:35Z,Soviet Space Program,Molniya 8K78,1/5,"Baikonur Cosmodrome, Republic of Kazakhstan",Launch Failure
Voskhod | Zenit-4 1,1963-11-16T10:34:25Z,Soviet Space Program,Voskhod,1/5,"Baikonur Cosmodrome, Republic of Kazakhstan",Launch Successful
Thor Delta C | Explorer 18,1963-11-27T02:30:01Z,United States Air Force,Thor Delta C,Space Launch Complex 17B,"Cape Canaveral SFS, FL, USA",Launch Successful
Atlas Centaur | AC-2 Instrumentation Ring,1963-11-27T19:03:23Z,United States Air Force,Atlas Centaur,Launch Complex 36A,"Cape Canaveral SFS, FL, USA",Launch Successful
Thor SLV-2 Agena D | KH-4 25,1963-11-27T21:15:40Z,United States Air Force,Thor SLV-2 Agena D,Space Launch Complex 3W,"Vandenberg SFB, CA, USA",Launch Successful
Vostok 8A92 | Zenit-2 14,1963-11-28T09:19:59Z,Soviet Space Program,Vostok 8A92,1/5,"Baikonur Cosmodrome, Republic of Kazakhstan",Launch Failure
Thor DM-21 Ablestar | Transit-5BN 2,1963-12-05T21:51:00Z,United States Air Force,Thor DM-21 Ablestar,Space Launch Complex 2E,"Vandenberg SFB, CA, USA",Launch Successful
Kosmos-2I 63S1 | Omega 2,1963-12-13T14:15:24Z,Soviet Space Program,Kosmos-2I 63S1,Mayak-2,"Kapustin Yar, Russian Federation",Launch Successful
Atlas Agena D | KH-7 4,1963-12-18T21:45:30Z,United States Air Force,Atlas Agena D,Space Launch Complex 4W,"Vandenberg SFB, CA, USA",Launch Successful
Vostok 8A92 | Zenit-2 15,1963-12-19T09:28:58Z,Soviet Space Program,Vostok 8A92,1/5,"Baikonur Cosmodrome, Republic of Kazakhstan",Launch Successful
Scout X-4 | Explorer 19,1963-12-19T18:49:25Z,National Aeronautics and Space Administration,Scout X-4,Space Launch Complex 5,"Vandenberg SFB, CA, USA",Launch Successful
Thor Delta B | Tiros 8,1963-12-21T09:30:00Z,United States Air Force,Thor Delta B,Space Launch Complex 17B,"Cape Canaveral SFS, FL, USA",Launch Successful
Thor SLV-2A Agena D | KH-4 26,1963-12-21T21:45:42Z,United States Air Force,Thor SLV-2A Agena D,Space Launch Complex 2W,"Vandenberg SFB, CA, USA",Launch Successful
"Thor SLV-2A Agena D | Poppy 5A, 5B & 5C",1964-01-11T20:07:00Z,United States Air Force,Thor SLV-2A Agena D,Space Launch Complex 1E,"Vandenberg SFB, CA, USA",Launch Successful
Thor SLV-2 Agena D | DSAP-1 F6 & F7,1964-01-19T10:59:54Z,United States Air Force,Thor SLV-2 Agena D,Space Launch Complex 2W,"Vandenberg SFB, CA, USA",Launch Successful
Thor Delta B | Relay 2,1964-01-21T21:14:59Z,United States Air Force,Thor Delta B,Space Launch Complex 17B,"Cape Canaveral SFS, FL, USA",Launch Successful
Thor SLV-2 Agena B | Echo 2,1964-01-25T13:59:04Z,United States Air Force,Thor SLV-2 Agena B,Space Launch Complex 2E,"Vandenberg SFB, CA, USA",Launch Successful
Saturn I | Saturn SA-5,1964-01-29T16:25:01Z,National Aeronautics and Space Administration,Saturn I,Space Launch Complex 37B,"Cape Canaveral SFS, FL, USA",Launch Successful
Vostok | Elektron-1 & 2,1964-01-30T09:45:09Z,Soviet Space Program,Vostok,1/5,"Baikonur Cosmodrome, Republic of Kazakhstan",Launch Successful
Atlas Agena B | Ranger 6,1964-01-30T15:49:09Z,United States Air Force,Atlas Agena B,Launch Complex 12,"Cape Canaveral SFS, FL, USA",Launch Successful
Thor SLV-2A Agena D | KH-4A 3,1964-02-15T21:38:23Z,United States Air Force,Thor SLV-2A Agena D,Space Launch Complex 1W,"Vandenberg SFB, CA, USA",Launch Successful
Molniya 8K78 | Zond-1b,1964-02-19T05:47:40Z,Soviet Space Program,Molniya 8K78,1/5,"Baikonur Cosmodrome, Republic of Kazakhstan",Launch Failure
Atlas Agena D | KH-7 5,1964-02-25T18:59:47Z,United States Air Force,Atlas Agena D,Space Launch Complex 4W,"Vandenberg SFB, CA, USA",Launch Successful
Kosmos-2I 63S1 | DS-P1 4,1964-02-27T13:30:00Z,Soviet Space Program,Kosmos-2I 63S1,Mayak-2,"Kapustin Yar, Russian Federation",Launch Successful
Thor SLV-2A Agena D | P-698BK Group 1-A,1964-02-28T03:20:00Z,United States Air Force,Thor SLV-2A Agena D,Space Launch Complex 1E,"Vandenberg SFB, CA, USA",Launch Successful
Atlas Agena D | KH-7 6,1964-03-11T20:14:24Z,United States Air Force,Atlas Agena D,Space Launch Complex 4W,"Vandenberg SFB, CA, USA",Launch Successful
Nike Cajun | Trailblazer Pellet,1964-03-12T04:17:00Z,National Aeronautics and Space Administration,Nike Cajun,Unknown Pad,"Wallops Flight Facility, Virginia, USA",Launch Successful
Kosmos-2I 63S1 | DS-MG 1,1964-03-18T15:07:00Z,Soviet Space Program,Kosmos-2I 63S1,Mayak-2,"Kapustin Yar, Russian Federation",Launch Successful
Thor Delta B | Beacon Explorer A,1964-03-19T11:13:41Z,United States Air Force,Thor Delta B,Space Launch Complex 17A,"Cape Canaveral SFS, FL, USA",Launch Failure
Molniya 8K78 | Luna-5a,1964-03-21T08:15:35Z,Soviet Space Program,Molniya 8K78,1/5,"Baikonur Cosmodrome, Republic of Kazakhstan",Launch Failure
Thor SLV-2A Agena D | KH-4A 4,1964-03-24T22:22:48Z,United States Air Force,Thor SLV-2A Agena D,Space Launch Complex 3W,"Vandenberg SFB, CA, USA",Launch Failure
Molniya 8K78 | Zond 1c,1964-03-27T03:24:42Z,Soviet Space Program,Molniya 8K78,1/5,"Baikonur Cosmodrome, Republic of Kazakhstan",Launch Failure
Scout X-3 | Ariel 2,1964-03-27T17:25:23Z,Science and Engineering Research Council,Scout X-3,Launch Area 3,"Wallops Flight Facility, Virginia, USA",Launch Successful
Molniya 8K78 | Zond 1,1964-04-02T02:42:40Z,Soviet Space Program,Molniya 8K78,1/5,"Baikonur Cosmodrome, Republic of Kazakhstan",Launch Successful
Vostok 8A92 | Zenit-2 16,1964-04-04T09:45:00Z,Soviet Space Program,Vostok 8A92,31/6,"Baikonur Cosmodrome, Republic of Kazakhstan",Launch Successful
Titan II GLV | Gemini I,1964-04-08T16:00:01Z,United States Air Force,Titan II,Launch Complex 19,"Cape Canaveral SFS, FL, USA",Launch Successful
Sputnik 11A59 | Polyot-2,1964-04-12T09:30:00Z,Soviet Space Program,Sputnik 11A59,31/6,"Baikonur Cosmodrome, Republic of Kazakhstan",Launch Successful
Atlas D | FIRE 1,1964-04-14T21:42:25Z,United States Air Force,Atlas D,Launch Complex 12,"Cape Canaveral SFS, FL, USA",Launch Successful
Molniya 8K78 | Luna-5b,1964-04-20T08:08:28Z,Soviet Space Program,Molniya 8K78,1/5,"Baikonur Cosmodrome, Republic of Kazakhstan",Launch Failure
Thor DM-21 Ablestar | Transit-5BN 3,1964-04-21T18:50:00Z,United States Air Force,Thor DM-21 Ablestar,Space Launch Complex 2E,"Vandenberg SFB, CA, USA",Launch Failure
Atlas Agena D | KH-7 7,1964-04-23T18:43:00Z,United States Air Force,Atlas Agena D,Space Launch Complex 4W,"Vandenberg SFB, CA, USA",Launch Successful
Vostok 8A92 | Zenit-2 17,1964-04-25T10:21:00Z,Soviet Space Program,Vostok 8A92,31/6,"Baikonur Cosmodrome, Republic of Kazakhstan",Launch Successful
Thor SLV-2A Agena D | KH-4A 5,1964-04-27T23:23:43Z,United States Air Force,Thor SLV-2A Agena D,Space Launch Complex 1W,"Vandenberg SFB, CA, USA",Launch Successful
Little Joe II | A-001,1964-05-13T12:59:59Z,National Aeronautics and Space Administration,Little Joe II,Launch Complex 36,White Sands Missile Range,Launch Successful
Voskhod | Zenit-4 2,1964-05-18T09:42:00Z,Soviet Space Program,Voskhod,1/5,"Baikonur Cosmodrome, Republic of Kazakhstan",Launch Successful
Atlas Agena D | KH-7 8,1964-05-19T19:21:14Z,United States Air Force,Atlas Agena D,Space Launch Complex 4W,"Vandenberg SFB, CA, USA",Launch Successful
Saturn I | Saturn-SA 6,1964-05-28T17:07:00Z,National Aeronautics and Space Administration,Saturn I,Space Launch Complex 37B,"Cape Canaveral SFS, FL, USA",Launch Successful
Scout X-4 | Transit VC,1964-06-04T03:50:55Z,United States Air Force,Scout X-4,Space Launch Complex 5,"Vandenberg SFB, CA, USA",Launch Successful
Molniya 8K78 | Molniya-1 1a,1964-06-04T04:00:00Z,Soviet Space Program,Molniya 8K78,1/5,"Baikonur Cosmodrome, Republic of Kazakhstan",Launch Failure
Thor SLV-2A Agena D | KH-4A 6,1964-06-04T22:59:00Z,United States Air Force,Thor SLV-2A Agena D,Space Launch Complex 3W,"Vandenberg SFB, CA, USA",Launch Successful
Kosmos-2I 63S1 | DS-MT 2,1964-06-06T06:00:00Z,Soviet Space Program,Kosmos-2I 63S1,Mayak-2,"Kapustin Yar, Russian Federation",Launch Successful
Vostok 8A92 | Zenit-2 18,1964-06-10T11:00:00Z,Soviet Space Program,Vostok 8A92,31/6,"Baikonur Cosmodrome, Republic of Kazakhstan",Launch Successful
Thor SLV-2A Agena D | KH-5 11,1964-06-13T15:47:00Z,United States Air Force,Thor SLV-2A Agena D,Space Launch Complex 2W,"Vandenberg SFB, CA, USA",Launch Successful
Thor SLV-2 Agena D | DSAP-1 F8 & F9,1964-06-18T04:56:08Z,United States Air Force,Thor SLV-2 Agena D,Space Launch Complex 1W,"Vandenberg SFB, CA, USA",Launch Successful
Thor SLV-2A Agena D | KH-4A 7,1964-06-19T23:18:07Z,United States Air Force,Thor SLV-2A Agena D,Space Launch Complex 2E,"Vandenberg SFB, CA, USA",Launch Successful
Vostok 8A92 | Zenit-2 19,1964-06-23T10:00:00Z,Soviet Space Program,Vostok 8A92,31/6,"Baikonur Cosmodrome, Republic of Kazakhstan",Launch Successful
Scout X-4 | ESRS,1964-06-25T01:40:24Z,United States Air Force,Scout X-4,Space Launch Complex 5,"Vandenberg SFB, CA, USA",Launch Failure
Atlas Centaur | AC-3 Instrumentation Ring,1964-06-30T14:04:22Z,United States Air Force,Atlas Centaur,Launch Complex 36A,"Cape Canaveral SFS, FL, USA",Launch Failure
Voskhod | Zenit-4 3,1964-07-01T11:00:00Z,Soviet Space Program,Voskhod,1/5,"Baikonur Cosmodrome, Republic of Kazakhstan",Launch Successful
Thor SLV-2A Agena D | P-698BK Group 2-D 2,1964-07-02T23:59:56Z,United States Air Force,Thor SLV-2A Agena D,Space Launch Complex 1E,"Vandenberg SFB, CA, USA",Launch Successful
Atlas Agena D | KH-7 9,1964-07-06T18:51:18Z,United States Air Force,Atlas Agena D,Space Launch Complex 4W,"Vandenberg SFB, CA, USA",Launch Successful
Vostok | Elektron-3 &4,1964-07-10T21:51:02Z,Soviet Space Program,Vostok,1/5,"Baikonur Cosmodrome, Republic of Kazakhstan",Launch Successful
Thor SLV-2A Agena D | KH-4A 8,1964-07-10T23:14:04Z,United States Air Force,Thor SLV-2A Agena D,Space Launch Complex 3W,"Vandenberg SFB, CA, USA",Launch Successful
Vostok 8A92 | Zenit-2 20,1964-07-15T11:27:00Z,Soviet Space Program,Vostok 8A92,31/6,"Baikonur Cosmodrome, Republic of Kazakhstan",Launch Successful
Atlas Agena D | Vela 2A & 2B,1964-07-17T08:22:00Z,United States Air Force,Atlas Agena D,Space Launch Complex 13,"Cape Canaveral SFS, FL, USA",Launch Successful
Atlas Agena B | Ranger 7,1964-07-28T16:50:07Z,United States Air Force,Atlas Agena B,Launch Complex 12,"Cape Canaveral SFS, FL, USA",Launch Successful
Kosmos-2I 63S1 | DS-P1-Yu 1,1964-07-30T03:36:00Z,Soviet Space Program,Kosmos-2I 63S1,Mayak-2,"Kapustin Yar, Russian Federation",Launch Successful
Thor SLV-2A Agena D | KH-4A 9,1964-08-05T23:15:35Z,United States Air Force,Thor SLV-2A Agena D,Space Launch Complex 1W,"Vandenberg SFB, CA, USA",Launch Successful
Vostok 8A92 | Zenit-2 21,1964-08-14T09:30:00Z,Soviet Space Program,Vostok 8A92,31/6,"Baikonur Cosmodrome, Republic of Kazakhstan",Launch Successful
Atlas SLV-3 Agena D | KH-7 10,1964-08-14T22:00:13Z,United States Air Force,Atlas SLV-3 Agena D,Space Launch Complex 4E,"Vandenberg SFB, CA, USA",Launch Successful
Scout X-4A | Reentry-4A,1964-08-18T06:05:00Z,National Aeronautics and Space Administration,Scout X-4A,Launch Area 3,"Wallops Flight Facility, Virginia, USA",Launch Successful
"Kosmos 65S3 | Strela-1 1,2,3",1964-08-18T09:15:00Z,Soviet Space Program,Kosmos 65S3,41/15,"Baikonur Cosmodrome, Republic of Kazakhstan",Launch Successful
Thor Delta D | Syncom 3,1964-08-19T12:15:02Z,United States Air Force,Thor Delta D,Space Launch Complex 17A,"Cape Canaveral SFS, FL, USA",Launch Successful
Thor SLV-2A Agena D | KH-5 12,1964-08-21T15:45:00Z,United States Air Force,Thor SLV-2A Agena D,Space Launch Complex 2W,"Vandenberg SFB, CA, USA",Launch Successful
Molniya 8K78 | Molniya-1 1b,1964-08-22T07:21:00Z,Soviet Space Program,Molniya 8K78,1/5,"Baikonur Cosmodrome, Republic of Kazakhstan",Launch Successful
"Kosmos-2I 63S1 | Strela-1 4,5",1964-08-22T11:00:00Z,Soviet Space Program,Kosmos-2I 63S1,Mayak-2,"Kapustin Yar, Russian Federation",Launch Successful
Scout X-4 | Explorer 20,1964-08-25T13:43:00Z,National Aeronautics and Space Administration,Scout X-4,Space Launch Complex 5,"Vandenberg SFB, CA, USA",Launch Successful
Thor SLV-2 Agena B | Nimbus 1,1964-08-28T07:56:57Z,United States Air Force,Thor SLV-2 Agena B,Space Launch Complex 2E,"Vandenberg SFB, CA, USA",Launch Successful
Vostok 8A92M | Meteor-1 1,1964-08-28T16:00:00Z,Soviet Space Program,Vostok 8A92M,31/6,"Baikonur Cosmodrome, Republic of Kazakhstan",Launch Successful
Titan IIIA | Transtage 1,1964-09-01T15:00:06Z,United States Air Force,Titan IIIA,Space Launch Complex 20,"Cape Canaveral SFS, FL, USA",Launch Failure
Atlas Agena B | OGO 1,1964-09-05T01:23:00Z,United States Air Force,Atlas Agena B,Launch Complex 12,"Cape Canaveral SFS, FL, USA",Launch Successful
Voskhod | Zenit-4 4,1964-09-13T09:45:00Z,Soviet Space Program,Voskhod,1/5,"Baikonur Cosmodrome, Republic of Kazakhstan",Launch Successful
Thor SLV-2A Agena D | KH-4A 10,1964-09-14T22:53:43Z,United States Air Force,Thor SLV-2A Agena D,Space Launch Complex 3W,"Vandenberg SFB, CA, USA",Launch Successful
Saturn I | Saturn-SA 7,1964-09-18T16:22:43Z,National Aeronautics and Space Administration,Saturn I,Space Launch Complex 37B,"Cape Canaveral SFS, FL, USA",Launch Successful
Atlas SLV-3 Agena D | KH-7 11,1964-09-23T20:05:00Z,United States Air Force,Atlas SLV-3 Agena D,Space Launch Complex 4E,"Vandenberg SFB, CA, USA",Launch Successful
Vostok 8A92 | Zenit-2 22,1964-09-24T12:04:00Z,Soviet Space Program,Vostok 8A92,31/6,"Baikonur Cosmodrome, Republic of Kazakhstan",Launch Successful
Thor Delta C | Explorer 21,1964-10-04T03:45:00Z,United States Air Force,Thor Delta C,Space Launch Complex 17A,"Cape Canaveral SFS, FL, USA",Launch Successful
Thor SLV-2A Agena D | KH-4A 11,1964-10-05T21:50:14Z,United States Air Force,Thor SLV-2A Agena D,Space Launch Complex 1W,"Vandenberg SFB, CA, USA",Launch Successful
Voskhod | Voskhod-3KV 1,1964-10-06T07:00:00Z,Soviet Space Program,Voskhod,1/5,"Baikonur Cosmodrome, Republic of Kazakhstan",Launch Successful
Thor DM-21 Ablestar | Transit-O 1,1964-10-06T17:04:21Z,United States Air Force,Thor DM-21 Ablestar,Space Launch Complex 2W,"Vandenberg SFB, CA, USA",Launch Successful
Atlas SLV-3 Agena D | KH-7 12,1964-10-07T19:30:00Z,United States Air Force,Atlas SLV-3 Agena D,Space Launch Complex 4E,"Vandenberg SFB, CA, USA",Launch Failure
Scout X-4 | Beacon Explorer B,1964-10-10T03:01:00Z,National Aeronautics and Space Administration,Scout X-4,Space Launch Complex 5,"Vandenberg SFB, CA, USA",Launch Successful
Voskhod | Voskhod 1,1964-10-12T07:30:01Z,Soviet Space Program,Voskhod,1/5,"Baikonur Cosmodrome, Republic of Kazakhstan",Launch Successful
Vostok 8A92 | Zenit-2 23,1964-10-14T10:00:00Z,Soviet Space Program,Vostok 8A92,31/6,"Baikonur Cosmodrome, Republic of Kazakhstan",Launch Successful
Thor SLV-2A Agena D | KH-4A 12,1964-10-17T22:02:23Z,United States Air Force,Thor SLV-2A Agena D,Space Launch Complex 3W,"Vandenberg SFB, CA, USA",Launch Successful
"Kosmos 65S3 | Strela-1 6,7,8",1964-10-23T07:30:00Z,Soviet Space Program,Kosmos 65S3,41/15,"Baikonur Cosmodrome, Republic of Kazakhstan",Launch Failure
Atlas Agena D | KH-7 13,1964-10-23T18:27:00Z,United States Air Force,Atlas Agena D,Space Launch Complex 4W,"Vandenberg SFB, CA, USA",Launch Successful
Kosmos-2I 63S1 | DS-MG 2,1964-10-24T05:17:00Z,Soviet Space Program,Kosmos-2I 63S1,Mayak-2,"Kapustin Yar, Russian Federation",Launch Successful
Vostok 8A92 | Zenit-2 24,1964-10-28T10:40:00Z,Soviet Space Program,Vostok 8A92,31/6,"Baikonur Cosmodrome, Republic of Kazakhstan",Launch Successful
Thor SLV-2A Agena D | KH-4A 13,1964-11-02T21:30:20Z,United States Air Force,Thor SLV-2A Agena D,Space Launch Complex 1W,"Vandenberg SFB, CA, USA",Launch Successful
Thor SLV-2A Agena D | P-698BK Group 3-D 1,1964-11-04T02:12:11Z,United States Air Force,Thor SLV-2A Agena D,Space Launch Complex 1E,"Vandenberg SFB, CA, USA",Launch Successful
Atlas Agena D | Mariner 3,1964-11-05T19:22:05Z,United States Air Force,Atlas Agena D,Space Launch Complex 13,"Cape Canaveral SFS, FL, USA",Launch Successful
Scout X-4 | Explorer 23,1964-11-06T12:02:01Z,National Aeronautics and Space Administration,Scout X-4,Launch Area 3,"Wallops Flight Facility, Virginia, USA",Launch Successful
Nike Cajun | Trailblazer Pellet,1964-11-07T01:38:00Z,National Aeronautics and Space Administration,Nike Cajun,Unknown Pad,"Wallops Flight Facility, Virginia, USA",Launch Successful
Thor SLV-2A Agena D | KH-4A 14,1964-11-18T20:35:54Z,United States Air Force,Thor SLV-2A Agena D,Space Launch Complex 2E,"Vandenberg SFB, CA, USA",Launch Successful
Scout X-4 | Explorer 24 & 25,1964-11-21T17:09:39Z,National Aeronautics and Space Administration,Scout X-4,Space Launch Complex 5,"Vandenberg SFB, CA, USA",Launch Successful
Atlas Agena D | Mariner 4,1964-11-28T14:22:01Z,United States Air Force,Atlas Agena D,Launch Complex 12,"Cape Canaveral SFS, FL, USA",Launch Successful
Molniya 8K78 | Zond-2,1964-11-30T13:25:00Z,Soviet Space Program,Molniya 8K78,1/5,"Baikonur Cosmodrome, Republic of Kazakhstan",Launch Successful
Kosmos-2I 63S1 | DS-2 2,1964-12-01T08:45:00Z,Soviet Space Program,Kosmos-2I 63S1,86/1,"Kapustin Yar, Russian Federation",Launch Failure
Atlas SLV-3 Agena D | KH-7 14,1964-12-04T19:00:00Z,United States Air Force,Atlas SLV-3 Agena D,Space Launch Complex 4E,"Vandenberg SFB, CA, USA",Launch Successful
Little Joe II | A-002,1964-12-08T15:00:00Z,National Aeronautics and Space Administration,Little Joe II,Launch Complex 36,White Sands Missile Range,Launch Successful
Kosmos-2I 63S1 | DS-MT 3,1964-12-09T23:00:00Z,Soviet Space Program,Kosmos-2I 63S1,86/1,"Kapustin Yar, Russian Federation",Launch Successful
Titan IIIA | Transtage 2,1964-12-10T16:53:33Z,United States Air Force,Titan IIIA,Space Launch Complex 20,"Cape Canaveral SFS, FL, USA",Launch Successful
Atlas Centaur | Surveyor Mass Model,1964-12-11T14:25:02Z,United States Air Force,Atlas Centaur,Launch Complex 36A,"Cape Canaveral SFS, FL, USA",Launch Successful
Thor DM-21 Ablestar | Transit-O 2 & 5E-5,1964-12-13T00:08:10Z,United States Air Force,Thor DM-21 Ablestar,Space Launch Complex 2W,"Vandenberg SFB, CA, USA",Launch Successful
Scout X-4 | San Marco 1,1964-12-15T20:20:04Z,National Research Council,Scout X-4,Launch Area 3A,"Wallops Flight Facility, Virginia, USA",Launch Successful
Thor SLV-2A Agena D | KH-4A 15,1964-12-19T21:10:16Z,United States Air Force,Thor SLV-2A Agena D,Space Launch Complex 1W,"Vandenberg SFB, CA, USA",Launch Successful
Thor Delta C | Explorer 26,1964-12-21T09:00:03Z,United States Air Force,Thor Delta C,Space Launch Complex 17A,"Cape Canaveral SFS, FL, USA",Launch Successful
Thor SLV-2A Agena D | Quill 1,1964-12-21T19:08:56Z,United States Air Force,Thor SLV-2A Agena D,Space Launch Complex 2E,"Vandenberg SFB, CA, USA",Launch Successful
Vostok 8A92 | Zenit-2 25,1965-01-11T09:29:58Z,Soviet Space Program,Vostok 8A92,31/6,"Baikonur Cosmodrome, Republic of Kazakhstan",Launch Successful
Thor SLV-2A Agena D | KH-4A 16,1965-01-15T21:00:44Z,United States Air Force,Thor SLV-2A Agena D,Space Launch Complex 1E,"Vandenberg SFB, CA, USA",Launch Successful
Thor MG-18 | DSAP-1 F10,1965-01-19T05:03:42Z,United States Air Force,Thor MG-18,Space Launch Complex 10W,"Vandenberg SFB, CA, USA",Launch Successful
Titan II GLV | Gemini II,1965-01-19T14:04:00Z,United States Air Force,Titan II,Launch Complex 19,"Cape Canaveral SFS, FL, USA",Launch Successful
Atlas D | OV1-1,1965-01-21T21:34:54Z,United States Air Force,Atlas D,576B3,"Vandenberg SFB, CA, USA",Launch Failure
Thor Delta C | Tiros 9,1965-01-22T07:52:00Z,United States Air Force,Thor Delta C,Space Launch Complex 17A,"Cape Canaveral SFS, FL, USA",Launch Failure
Atlas SLV-3 Agena D | KH-7 15,1965-01-23T20:06:00Z,United States Air Force,Atlas SLV-3 Agena D,Space Launch Complex 4W,"Vandenberg SFB, CA, USA",Launch Successful
Kosmos-2I 63S1 | DS-A1 5,1965-01-30T09:36:00Z,Soviet Space Program,Kosmos-2I 63S1,86/1,"Kapustin Yar, Russian Federation",Launch Successful
Thor Delta C | OSO 2,1965-02-03T16:36:00Z,United States Air Force,Thor Delta C,Space Launch Complex 17B,"Cape Canaveral SFS, FL, USA",Launch Successful
Titan IIIA | LES 1,1965-02-11T15:19:05Z,United States Air Force,Titan IIIA,Space Launch Complex 20,"Cape Canaveral SFS, FL, USA",Launch Successful
Kosmos-2I 63S1 | DS-P1-Yu 2,1965-02-12T12:00:00Z,Soviet Space Program,Kosmos-2I 63S1,86/1,"Kapustin Yar, Russian Federation",Launch Failure
Saturn I | Pegasus 1,1965-02-16T14:37:03Z,National Aeronautics and Space Administration,Saturn I,Space Launch Complex 37B,"Cape Canaveral SFS, FL, USA",Launch Successful
Atlas Agena B | Ranger 8,1965-02-17T17:05:00Z,United States Air Force,Atlas Agena B,Launch Complex 12,"Cape Canaveral SFS, FL, USA",Launch Successful
Kosmos-2I 63S1 | DS-A1 6,1965-02-20T06:30:00Z,Soviet Space Program,Kosmos-2I 63S1,86/1,"Kapustin Yar, Russian Federation",Launch Failure
"Kosmos 65S3 | Strela-1 9,10,11",1965-02-21T11:00:00Z,Soviet Space Program,Kosmos 65S3,41/15,"Baikonur Cosmodrome, Republic of Kazakhstan",Launch Successful
Voskhod | Voskhod-3KD 1,1965-02-22T07:30:00Z,Soviet Space Program,Voskhod,31/6,"Baikonur Cosmodrome, Republic of Kazakhstan",Launch Successful
Thor SLV-2A Agena D | KH-4A 17,1965-02-25T21:44:55Z,United States Air Force,Thor SLV-2A Agena D,Space Launch Complex 3W,"Vandenberg SFB, CA, USA",Launch Successful
Vostok 8A92M | Meteor-1 2,1965-02-26T05:01:32Z,Soviet Space Program,Vostok 8A92M,31/6,"Baikonur Cosmodrome, Republic of Kazakhstan",Launch Successful
Atlas Centaur | Surveyor-SD 1,1965-03-02T13:25:00Z,United States Air Force,Atlas Centaur,Launch Complex 36A,"Cape Canaveral SFS, FL, USA",Launch Failure
Voskhod | Zenit-4 5,1965-03-07T08:59:28Z,Soviet Space Program,Voskhod,31/6,"Baikonur Cosmodrome, Republic of Kazakhstan",Launch Successful
"Thor SLV-2 Agena D | Poppy 6A,B,C,D",1965-03-09T18:29:47Z,United States Air Force,Thor SLV-2 Agena D,Space Launch Complex 2W,"Vandenberg SFB, CA, USA",Launch Successful
Thor DM-21 Ablestar | Transit-O 3,1965-03-11T13:39:59Z,United States Air Force,Thor DM-21 Ablestar,Space Launch Complex 2E,"Vandenberg SFB, CA, USA",Launch Successful
Molniya 8K78 | Luna-5c,1965-03-12T09:25:31Z,Soviet Space Program,Molniya 8K78,1/5,"Baikonur Cosmodrome, Republic of Kazakhstan",Launch Failure
Atlas SLV-3 Agena D | KH-7 16,1965-03-12T19:20:00Z,United States Air Force,Atlas SLV-3 Agena D,Space Launch Complex 4W,"Vandenberg SFB, CA, USA",Launch Successful
"Kosmos 65S3 | Strela-1 12,13,14",1965-03-15T11:00:00Z,Soviet Space Program,Kosmos 65S3,41/15,"Baikonur Cosmodrome, Republic of Kazakhstan",Launch Successful
Thor MG-18 | DSAP-1 F11,1965-03-18T04:43:46Z,United States Air Force,Thor MG-18,Space Launch Complex 10W,"Vandenberg SFB, CA, USA",Launch Successful
Voskhod | Voskhod 2,1965-03-18T07:00:00Z,Soviet Space Program,Voskhod,1/5,"Baikonur Cosmodrome, Republic of Kazakhstan",Launch Successful
Atlas Agena B | Ranger 9,1965-03-21T21:37:02Z,United States Air Force,Atlas Agena B,Launch Complex 12,"Cape Canaveral SFS, FL, USA",Launch Successful
Titan II GLV | Gemini III,1965-03-23T14:24:00Z,National Aeronautics and Space Administration,Titan II,Launch Complex 19,"Cape Canaveral SFS, FL, USA",Launch Successful
Vostok 8A92 | Zenit-2 26,1965-03-25T10:00:00Z,Soviet Space Program,Vostok 8A92,31/6,"Baikonur Cosmodrome, Republic of Kazakhstan",Launch Successful
Thor SLV-2A Agena D | KH-4A 18,1965-03-25T21:11:17Z,United States Air Force,Thor SLV-2A Agena D,Space Launch Complex 1W,"Vandenberg SFB, CA, USA",Launch Successful
Blue Scout Jr | OAR 22-4,1965-03-30T16:09:31Z,United States Air Force,Blue Scout Jr,Launch Complex 18A,"Cape Canaveral SFS, FL, USA",Launch Successful
Atlas SLV-3 Agena D | SNAPSHOT-1,1965-04-03T21:25:00Z,United States Air Force,Atlas SLV-3 Agena D,Space Launch Complex 4E,"Vandenberg SFB, CA, USA",Launch Successful
Thor Delta D | Early Bird,1965-04-06T23:47:50Z,United States Air Force,Thor Delta D,Space Launch Complex 17A,"Cape Canaveral SFS, FL, USA",Launch Successful
Blue Scout Jr | OAR 22-9,1965-04-09T18:10:37Z,United States Air Force,Blue Scout Jr,Launch Complex 18A,"Cape Canaveral SFS, FL, USA",Launch Successful
Molniya 8K78 | Luna-5d,1965-04-10T08:39:01Z,Soviet Space Program,Molniya 8K78,1/5,"Baikonur Cosmodrome, Republic of Kazakhstan",Launch Failure
Voskhod | Zenit-4 6,1965-04-17T09:50:00Z,Soviet Space Program,Voskhod,31/6,"Baikonur Cosmodrome, Republic of Kazakhstan",Launch Successful
Molniya 8K78 | Molniya-1 1,1965-04-23T01:55:00Z,Soviet Space Program,Molniya 8K78,1/5,"Baikonur Cosmodrome, Republic of Kazakhstan",Launch Successful
Atlas SLV-3 Agena D | KH-7 17,1965-04-28T21:15:00Z,United States Air Force,Atlas SLV-3 Agena D,Space Launch Complex 4E,"Vandenberg SFB, CA, USA",Launch Successful
Scout X-4 | Beacon Explorer C,1965-04-29T14:17:00Z,National Aeronautics and Space Administration,Scout X-4,Launch Area 3A,"Wallops Flight Facility, Virginia, USA",Launch Successful
Thor SLV-2A Agena D | KH-4A 19,1965-04-29T21:44:56Z,United States Air Force,Thor SLV-2A Agena D,Space Launch Complex 3W,"Vandenberg SFB, CA, USA",Launch Successful
Nike Cajun | Trailblazer Pellet,1965-05-04T05:50:00Z,National Aeronautics and Space Administration,Nike Cajun,Unknown Pad,"Wallops Flight Facility, Virginia, USA",Launch Successful
Titan IIIA | LES 2,1965-05-06T15:00:03Z,United States Air Force,Titan IIIA,Space Launch Complex 20,"Cape Canaveral SFS, FL, USA",Launch Successful
Vostok 8A92 | Zenit-2 27,1965-05-07T09:29:59Z,Soviet Space Program,Vostok 8A92,31/6,"Baikonur Cosmodrome, Republic of Kazakhstan",Launch Successful
Molniya 8K78 | Luna-5,1965-05-09T07:49:37Z,Soviet Space Program,Molniya 8K78,1/5,"Baikonur Cosmodrome, Republic of Kazakhstan",Launch Successful
Blue Scout Jr | OAR 22-8,1965-05-12T16:02:35Z,United States Air Force,Blue Scout Jr,Launch Complex 18A,"Cape Canaveral SFS, FL, USA",Launch Successful
Thor SLV-2A Agena D | KH-4A 20,1965-05-18T18:02:18Z,United States Air Force,Thor SLV-2A Agena D,Space Launch Complex 1W,"Vandenberg SFB, CA, USA",Launch Successful
Little Joe II | A-003,1965-05-19T13:01:04Z,National Aeronautics and Space Administration,Little Joe II,Launch Complex 36,White Sands Missile Range,Launch Failure
Thor Burner 1 | OPS 8386,1965-05-20T16:30:53Z,United States Air Force,Thor Burner 1,Space Launch Complex 10W,"Vandenberg SFB, CA, USA",Launch Successful
Atlas D | FIRE 2,1965-05-22T21:55:00Z,United States Air Force,Atlas D,Launch Complex 12,"Cape Canaveral SFS, FL, USA",Launch Successful
Saturn I | Pegasus 2,1965-05-25T07:35:01Z,National Aeronautics and Space Administration,Saturn I,Space Launch Complex 37B,"Cape Canaveral SFS, FL, USA",Launch Successful
Voskhod | Zenit-4 7,1965-05-25T10:50:00Z,Soviet Space Program,Voskhod,31/6,"Baikonur Cosmodrome, Republic of Kazakhstan",Launch Successful
Atlas SLV-3 Agena D | KH-7 18,1965-05-27T20:48:00Z,United States Air Force,Atlas SLV-3 Agena D,Space Launch Complex 4E,"Vandenberg SFB, CA, USA",Launch Successful
Atlas D | OV1-3,1965-05-28T02:54:56Z,United States Air Force,Atlas D,576B3,"Vandenberg SFB, CA, USA",Launch Failure
Thor Delta C | Explorer 28,1965-05-29T12:00:00Z,United States Air Force,Thor Delta C,Space Launch Complex 17B,"Cape Canaveral SFS, FL, USA",Launch Successful
Titan II GLV | Gemini IV,1965-06-03T15:16:00Z,National Aeronautics and Space Administration,Titan II,Launch Complex 19,"Cape Canaveral SFS, FL, USA",Launch Successful
Molniya 8K78 | Luna-6,1965-06-08T07:40:23Z,Soviet Space Program,Molniya 8K78,1/5,"Baikonur Cosmodrome, Republic of Kazakhstan",Launch Successful
Blue Scout Jr | OAR 22-5,1965-06-09T16:26:15Z,United States Air Force,Blue Scout Jr,Launch Complex 18A,"Cape Canaveral SFS, FL, USA",Launch Successful
Thor SLV-2A Agena D | KH-4A 21,1965-06-09T21:58:16Z,United States Air Force,Thor SLV-2A Agena D,Space Launch Complex 1E,"Vandenberg SFB, CA, USA",Launch Successful
Vostok 8A92 | Zenit-2 28,1965-06-15T09:43:02Z,Soviet Space Program,Vostok 8A92,31/6,"Baikonur Cosmodrome, Republic of Kazakhstan",Launch Successful
Titan IIIC | Transtage 5,1965-06-18T14:00:04Z,United States Air Force,Titan IIIC,Space Launch Complex 40,"Cape Canaveral SFS, FL, USA",Launch Successful
Thor DM-21 Ablestar | Transit-O 4,1965-06-24T22:35:29Z,United States Air Force,Thor DM-21 Ablestar,Space Launch Complex 2E,"Vandenberg SFB, CA, USA",Launch Successful
Voskhod | Zenit-4 8,1965-06-25T09:45:00Z,Soviet Space Program,Voskhod,1/5,"Baikonur Cosmodrome, Republic of Kazakhstan",Launch Successful
Atlas SLV-3 Agena D | KH-7 19,1965-06-25T19:30:00Z,United States Air Force,Atlas SLV-3 Agena D,Space Launch Complex 4E,"Vandenberg SFB, CA, USA",Launch Successful
X-15 | Flight 138,1965-06-29T18:21:00Z,United States Air Force,North American X-15,Edwards Air Force Base,Air launch to Suborbital flight,Launch Successful
