name,launch_date,provider,rocket,launch_site,location,status,launch_year
Sputnik 8K74PS | Sputnik 1,1957-10-04 19:28:34+00:00,Soviet Space Program,Sputnik 8K74PS,1/5,"Baikonur Cosmodrome, Republic of Kazakhstan",Launch Successful,1957
Sputnik 8K74PS | Sputnik 2,1957-11-03 02:30:00+00:00,Soviet Space Program,Sputnik 8K74PS,1/5,"Baikonur Cosmodrome, Republic of Kazakhstan",Launch Successful,1957
Vanguard | Vanguard,1957-12-06 16:44:35+00:00,US Navy,Vanguard,Launch Complex 18A,"Cape Canaveral SFS, FL, USA",Launch Failure,1957
Juno-I | Explorer 1,1958-02-01 03:47:56+00:00,Army Ballistic Missile Agency,Juno-I,Launch Complex 26A,"Cape Canaveral SFS, FL, USA",Launch Successful,1958
Vanguard | Vanguard,1958-02-05 07:33:00+00:00,US Navy,Vanguard,Launch Complex 18A,"Cape Canaveral SFS, FL, USA",Launch Failure,1958
Juno-I | Explorer 2,1958-03-05 18:27:57+00:00,Army Ballistic Missile Agency,Juno-I,Launch Complex 26A,"Cape Canaveral SFS, FL, USA",Launch Failure,1958
Vanguard | Vanguard,1958-03-17 12:15:41+00:00,US Navy,Vanguard,Launch Complex 18A,"Cape Canaveral SFS, FL, USA",Launch Successful,1958
Juno-I | Explorer 3,1958-03-26 17:38:01+00:00,Army Ballistic Missile Agency,Juno-I,Launch Complex 26A,"Cape Canaveral SFS, FL, USA",Launch Successful,1958
Sputnik 8A91 | D-1 1,1958-04-27 07:00:35+00:00,Soviet Space Program,Sputnik 8A91,1/5,"Baikonur Cosmodrome, Republic of Kazakhstan",Launch Failure,1958
Vanguard | Vanguard,1958-04-29 02:53:00+00:00,US Navy,Vanguard,Launch Complex 18A,"Cape Canaveral SFS, FL, USA",Launch Failure,1958
Sputnik 8A91 | D1- 2,1958-05-15 07:00:35+00:00,Soviet Space Program,Sputnik 8A91,1/5,"Baikonur Cosmodrome, Republic of Kazakhstan",Launch Successful,1958
Vanguard | Vanguard,1958-05-28 03:46:20+00:00,US Navy,Vanguard,Launch Complex 18A,"Cape Canaveral SFS, FL, USA",Launch Failure,1958
Vanguard | Vanguard,1958-06-26 05:00:52+00:00,US Navy,Vanguard,Launch Complex 18A,"Cape Canaveral SFS, FL, USA",Launch Failure,1958
Project Pilot | NOTS 1,1958-07-25 00:00:00+00:00,US Navy,Project Pilot,Naval Air Weapons Station China Lake,Air launch to Suborbital flight,Launch Failure,1958
Juno-I | Explorer 4,1958-07-26 15:00:57+00:00,Army Ballistic Missile Agency,Juno-I,Launch Complex 5,"Cape Canaveral SFS, FL, USA",Launch Successful,1958
Project Pilot | NOTS 2,1958-08-12 00:00:00+00:00,US Navy,Project Pilot,Naval Air Weapons Station China Lake,Air launch to Suborbital flight,Launch Failure,1958
Thor Able I | Able I (Pioneer),1958-08-17 12:18:00+00:00,Army Ballistic Missile Agency,Thor Able I,Space Launch Complex 17A,"Cape Canaveral SFS, FL, USA",Launch Failure,1958
Project Pilot | NOTS 3,1958-08-22 00:00:00+00:00,US Navy,Project Pilot,Naval Air Weapons Station China Lake,Air launch to Suborbital flight,Launch Failure,1958
Juno-I | Explorer 5,1958-08-24 06:17:22+00:00,Army Ballistic Missile Agency,Juno-I,Launch Complex 5,"Cape Canaveral SFS, FL, USA",Launch Failure,1958
Project Pilot | NOTS 4,1958-08-25 00:00:00+00:00,US Navy,Project Pilot,Naval Air Weapons Station China Lake,Air launch to Suborbital flight,Launch Failure,1958
Project Pilot | NOTS 5,1958-08-26 00:00:00+00:00,US Navy,Project Pilot,Naval Air Weapons Station China Lake,Air launch to Suborbital flight,Launch Failure,1958
Project Pilot | NOTS 6,1958-08-28 00:00:00+00:00,US Navy,Project Pilot,Naval Air Weapons Station China Lake,Air launch to Suborbital flight,Launch Failure,1958
Vostok-L 8K72 | Luna-1a,1958-09-23 07:40:23+00:00,Soviet Space Program,Vostok-L 8K72,1/5,"Baikonur Cosmodrome, Republic of Kazakhstan",Launch Failure,1958
Vanguard | Vanguard,1958-09-26 15:38:00+00:00,US Navy,Vanguard,Launch Complex 18A,"Cape Canaveral SFS, FL, USA",Launch Failure,1958
Thor Able I | Pioneer 1,1958-10-11 08:42:13+00:00,Army Ballistic Missile Agency,Thor Able I,Space Launch Complex 17A,"Cape Canaveral SFS, FL, USA",Launch Successful,1958
Vostok-L 8K72 | Luna-1b,1958-10-11 21:41:58+00:00,Soviet Space Program,Vostok-L 8K72,1/5,"Baikonur Cosmodrome, Republic of Kazakhstan",Launch Failure,1958
Juno-I | Beacon,1958-10-23 03:21:04+00:00,Army Ballistic Missile Agency,Juno-I,Launch Complex 5,"Cape Canaveral SFS, FL, USA",Launch Failure,1958
Thor Able I | Pioneer 2,1958-11-08 07:30:21+00:00,Army Ballistic Missile Agency,Thor Able I,Space Launch Complex 17A,"Cape Canaveral SFS, FL, USA",Launch Failure,1958
Vostok-L 8K72 | Luna-1c,1958-12-04 18:18:45+00:00,Soviet Space Program,Vostok-L 8K72,1/5,"Baikonur Cosmodrome, Republic of Kazakhstan",Launch Failure,1958
Juno II | Pioneer 3,1958-12-06 05:44:52+00:00,National Aeronautics and Space Administration,Juno II,Launch Complex 5,"Cape Canaveral SFS, FL, USA",Launch Successful,1958
Atlas B | SCORE,1958-12-18 23:02:00+00:00,US Army,Atlas B,Launch Complex 11,"Cape Canaveral SFS, FL, USA",Launch Successful,1958
Vostok-L 8K72 | Luna-1,1959-01-02 16:41:21+00:00,Soviet Space Program,Vostok-L 8K72,1/5,"Baikonur Cosmodrome, Republic of Kazakhstan",Launch Successful,1959
Vanguard | Vanguard II,1959-02-17 15:55:00+00:00,US Navy,Vanguard,Launch Complex 18A,"Cape Canaveral SFS, FL, USA",Launch Successful,1959
Thor Agena A | Discoverer 1,1959-02-28 21:49:16+00:00,United States Air Force,Thor Agena A,Space Launch Complex 1W,"Vandenberg SFB, CA, USA",Launch Failure,1959
Juno II | Pioneer 4,1959-03-03 05:10:56+00:00,National Aeronautics and Space Administration,Juno II,Launch Complex 5,"Cape Canaveral SFS, FL, USA",Launch Successful,1959
Thor Agena A | Discoverer 2,1959-04-13 21:18:39+00:00,United States Air Force,Thor Agena A,Space Launch Complex 1W,"Vandenberg SFB, CA, USA",Launch Successful,1959
Vanguard | Vanguard,1959-04-14 02:49:46+00:00,US Navy,Vanguard,Launch Complex 18A,"Cape Canaveral SFS, FL, USA",Launch Failure,1959
Thor Agena A | Discoverer 3,1959-06-03 20:09:20+00:00,United States Air Force,Thor Agena A,Space Launch Complex 1W,"Vandenberg SFB, CA, USA",Launch Failure,1959
Vostok-L 8K72 | Luna-2a,1959-06-18 08:08:00+00:00,Soviet Space Program,Vostok-L 8K72,1/5,"Baikonur Cosmodrome, Republic of Kazakhstan",Launch Failure,1959
Vanguard | Vanguard,1959-06-22 20:16:09+00:00,US Navy,Vanguard,Launch Complex 18A,"Cape Canaveral SFS, FL, USA",Launch Failure,1959
Thor Agena A | Discoverer 4,1959-06-25 22:47:45+00:00,United States Air Force,Thor Agena A,Space Launch Complex 1E,"Vandenberg SFB, CA, USA",Launch Failure,1959
Juno II | NASA S-1,1959-07-16 17:37:03+00:00,National Aeronautics and Space Administration,Juno II,Launch Complex 5,"Cape Canaveral SFS, FL, USA",Launch Failure,1959
Thor Able III | Explorer 6,1959-08-07 14:24:20+00:00,United States Air Force,Thor Able III,Space Launch Complex 17A,"Cape Canaveral SFS, FL, USA",Launch Successful,1959
Thor Agena A | Discoverer 5,1959-08-13 19:00:08+00:00,United States Air Force,Thor Agena A,Space Launch Complex 1W,"Vandenberg SFB, CA, USA",Launch Successful,1959
Juno II | Beacon,1959-08-15 00:31:00+00:00,National Aeronautics and Space Administration,Juno II,Launch Complex 26B,"Cape Canaveral SFS, FL, USA",Launch Failure,1959
Thor Agena A | Discoverer 6,1959-08-19 19:24:44+00:00,United States Air Force,Thor Agena A,Space Launch Complex 1E,"Vandenberg SFB, CA, USA",Launch Successful,1959
Little Joe | LJ-1,1959-08-21 12:00:00+00:00,National Aeronautics and Space Administration,Little Joe,Launch Area 1,"Wallops Flight Facility, Virginia, USA",Launch Failure,1959
Atlas LV-3B | Big Joe 1,1959-09-09 08:19:00+00:00,National Aeronautics and Space Administration,Atlas LV-3B,Space Launch Complex 14,"Cape Canaveral SFS, FL, USA",Launch was a Partial Failure,1959
Vostok-L 8K72 | Luna-2,1959-09-12 06:39:42+00:00,Soviet Space Program,Vostok-L 8K72,1/5,"Baikonur Cosmodrome, Republic of Kazakhstan",Launch Successful,1959
Thor Able II | Transit 1A,1959-09-17 14:34:00+00:00,United States Air Force,Thor Able II,Space Launch Complex 17A,"Cape Canaveral SFS, FL, USA",Launch Failure,1959
Vanguard | Vanguard III,1959-09-18 05:20:07+00:00,US Navy,Vanguard,Launch Complex 18A,"Cape Canaveral SFS, FL, USA",Launch Successful,1959
Vostok-L 8K72 | Luna-3,1959-10-04 00:43:39+00:00,Soviet Space Program,Vostok-L 8K72,1/5,"Baikonur Cosmodrome, Republic of Kazakhstan",Launch Successful,1959
Little Joe | LJ-6,1959-10-04 10:00:00+00:00,National Aeronautics and Space Administration,Little Joe,Launch Area 1,"Wallops Flight Facility, Virginia, USA",Launch was a Partial Failure,1959
Juno II | Explorer 7,1959-10-13 15:30:04+00:00,National Aeronautics and Space Administration,Juno II,Launch Complex 5,"Cape Canaveral SFS, FL, USA",Launch Successful,1959
Little Joe | LJ-1A,1959-11-04 14:30:00+00:00,National Aeronautics and Space Administration,Little Joe,Launch Area 1,"Wallops Flight Facility, Virginia, USA",Launch was a Partial Failure,1959
Thor Agena A | Discoverer 7,1959-11-07 20:28:41+00:00,United States Air Force,Thor Agena A,Space Launch Complex 1W,"Vandenberg SFB, CA, USA",Launch Successful,1959
Thor Agena A | Discoverer 8,1959-11-20 19:25:24+00:00,United States Air Force,Thor Agena A,Space Launch Complex 1E,"Vandenberg SFB, CA, USA",Launch Successful,1959
Atlas-Able | P-3,1959-11-26 07:26:00+00:00,United States Air Force,Atlas-Able,Space Launch Complex 14,"Cape Canaveral SFS, FL, USA",Launch Failure,1959
Little Joe | LJ-2,1959-12-04 16:20:00+00:00,National Aeronautics and Space Administration,Little Joe,Launch Area 1,"Wallops Flight Facility, Virginia, USA",Launch Successful,1959
Little Joe | LJ-1B,1960-01-21 14:23:00+00:00,National Aeronautics and Space Administration,Little Joe,Launch Area 1,"Wallops Flight Facility, Virginia, USA",Launch Successful,1960
Thor Agena A | Discoverer 9,1960-02-04 18:51:45+00:00,United States Air Force,Thor Agena A,Space Launch Complex 1W,"Vandenberg SFB, CA, USA",Launch Failure,1960
Thor Agena A | Discoverer 10,1960-02-19 20:15:14+00:00,United States Air Force,Thor Agena A,Space Launch Complex 1E,"Vandenberg SFB, CA, USA",Launch Failure,1960
Atlas Agena A | Midas 1,1960-02-26 17:25:30+00:00,United States Air Force,Atlas Agena A,Space Launch Complex 14,"Cape Canaveral SFS, FL, USA",Launch Failure,1960
Thor Able IV | Pioneer V,1960-03-11 13:00:07+00:00,United States Air Force,Thor Able IV,Space Launch Complex 17A,"Cape Canaveral SFS, FL, USA",Launch Successful,1960
Juno II | NASA S-46,1960-03-23 13:35:11+00:00,National Aeronautics and Space Administration,Juno II,Launch Complex 26B,"Cape Canaveral SFS, FL, USA",Launch Failure,1960
Thor Able II | Tiros 1,1960-04-01 11:40:09+00:00,United States Air Force,Thor Able II,Space Launch Complex 17A,"Cape Canaveral SFS, FL, USA",Launch Successful,1960
Thor DM-21 Ablestar | Transit 1B,1960-04-13 12:02:36+00:00,United States Air Force,Thor DM-21 Ablestar,Space Launch Complex 17B,"Cape Canaveral SFS, FL, USA",Launch Successful,1960
Vostok-L 8K72 | Luna-4a,1960-04-15 15:06:45+00:00,Soviet Space Program,Vostok-L 8K72,1/5,"Baikonur Cosmodrome, Republic of Kazakhstan",Launch Failure,1960
Thor Agena A | Discoverer 11,1960-04-15 20:30:37+00:00,United States Air Force,Thor Agena A,Space Launch Complex 1E,"Vandenberg SFB, CA, USA",Launch Successful,1960
Vostok-L 8K72 | Luna-4b,1960-04-16 16:07:41+00:00,Soviet Space Program,Vostok-L 8K72,1/5,"Baikonur Cosmodrome, Republic of Kazakhstan",Launch Failure,1960
Thor Delta | Echo,1960-05-13 09:16:05+00:00,United States Air Force,Thor Delta,Space Launch Complex 17A,"Cape Canaveral SFS, FL, USA",Launch Failure,1960
Vostok 8K72 | Korabl'-Sputnik-1,1960-05-15 00:00:05+00:00,Soviet Space Program,Vostok 8K72,1/5,"Baikonur Cosmodrome, Republic of Kazakhstan",Launch Successful,1960
Atlas Agena A | Midas 2,1960-05-24 17:36:46+00:00,United States Air Force,Atlas Agena A,Space Launch Complex 14,"Cape Canaveral SFS, FL, USA",Launch Successful,1960
Thor DM-21 Ablestar | Transit 2A,1960-06-22 05:54:00+00:00,United States Air Force,Thor DM-21 Ablestar,Space Launch Complex 17B,"Cape Canaveral SFS, FL, USA",Launch Successful,1960
Thor Agena A | Discoverer 12,1960-06-29 22:00:44+00:00,United States Air Force,Thor Agena A,Space Launch Complex 1W,"Vandenberg SFB, CA, USA",Launch Failure,1960
Vostok 8K72 | Korabl-Sputnik (2),1960-07-28 09:31:00+00:00,Soviet Space Program,Vostok 8K72,1/5,"Baikonur Cosmodrome, Republic of Kazakhstan",Launch Failure,1960
Atlas LV-3B | Mercury-Atlas 1,1960-07-29 13:13:00+00:00,National Aeronautics and Space Administration,Atlas LV-3B,Space Launch Complex 14,"Cape Canaveral SFS, FL, USA",Launch Failure,1960
Thor Agena A | Discoverer 13,1960-08-10 20:37:54+00:00,United States Air Force,Thor Agena A,Space Launch Complex 1E,"Vandenberg SFB, CA, USA",Launch Successful,1960
Thor Delta | Echo 1,1960-08-12 09:39:43+00:00,United States Air Force,Thor Delta,Space Launch Complex 17A,"Cape Canaveral SFS, FL, USA",Launch Successful,1960
Thor Agena A | Discoverer 14,1960-08-18 19:57:08+00:00,United States Air Force,Thor Agena A,Space Launch Complex 1W,"Vandenberg SFB, CA, USA",Launch Successful,1960
Thor DM-21 Ablestar | Courier 1A,1960-08-18 19:58:00+00:00,United States Air Force,Thor DM-21 Ablestar,Space Launch Complex 17B,"Cape Canaveral SFS, FL, USA",Launch Failure,1960
Vostok 8K72 | Korabl'-Sputnik-2,1960-08-19 08:44:06+00:00,Soviet Space Program,Vostok 8K72,1/5,"Baikonur Cosmodrome, Republic of Kazakhstan",Launch Successful,1960
Thor Agena A | Discoverer 15,1960-09-13 22:13:39+00:00,United States Air Force,Thor Agena A,Space Launch Complex 1E,"Vandenberg SFB, CA, USA",Launch Successful,1960
Blue Scout Jr | Blue Scout D-1,1960-09-21 13:01:53+00:00,United States Air Force,Blue Scout Jr,Launch Complex 18A,"Cape Canaveral SFS, FL, USA",Launch Successful,1960
Atlas-Able | P-30 (Able VA),1960-09-25 15:13:17+00:00,United States Air Force,Atlas-Able,Launch Complex 12,"Cape Canaveral SFS, FL, USA",Launch Failure,1960
Scout X-1 | ST-2,1960-10-04 15:23:00+00:00,National Aeronautics and Space Administration,Scout X-1,Launch Area 3,"Wallops Flight Facility, Virginia, USA",Launch Successful,1960
Thor DM-21 Ablestar | Courier 1B,1960-10-04 17:50:00+00:00,United States Air Force,Thor DM-21 Ablestar,Space Launch Complex 17B,"Cape Canaveral SFS, FL, USA",Launch Successful,1960
Molniya 8K78 | Mars-1a,1960-10-10 14:27:49+00:00,Soviet Space Program,Molniya 8K78,1/5,"Baikonur Cosmodrome, Republic of Kazakhstan",Launch Failure,1960
Atlas Agena A | Samos 1,1960-10-11 20:33:28+00:00,United States Air Force,Atlas Agena A,Space Launch Complex 3W,"Vandenberg SFB, CA, USA",Launch Failure,1960
Molniya 8K78 | Mars-1b,1960-10-14 13:51:03+00:00,Soviet Space Program,Molniya 8K78,1/5,"Baikonur Cosmodrome, Republic of Kazakhstan",Launch Failure,1960
Thor DM-21 Agena-B | Discoverer 16,1960-10-26 20:26:09+00:00,United States Air Force,Thor DM-21 Agena-B,Space Launch Complex 1W,"Vandenberg SFB, CA, USA",Launch Failure,1960
Juno II | Explorer 8,1960-11-03 05:23:10+00:00,National Aeronautics and Space Administration,Juno II,Launch Complex 26B,"Cape Canaveral SFS, FL, USA",Launch Successful,1960
Little Joe | LJ-5,1960-11-08 15:18:00+00:00,National Aeronautics and Space Administration,Little Joe,Launch Area 1,"Wallops Flight Facility, Virginia, USA",Launch Failure,1960
Thor DM-21 Agena-B | Discoverer 17,1960-11-12 20:42:32+00:00,United States Air Force,Thor DM-21 Agena-B,Space Launch Complex 1E,"Vandenberg SFB, CA, USA",Launch Successful,1960
Redstone MRLV | Mercury-Redstone 1,1960-11-21 14:00:00+00:00,National Aeronautics and Space Administration,Redstone,Launch Complex 5,"Cape Canaveral SFS, FL, USA",Launch Failure,1960
Thor Delta | Tiros 2,1960-11-23 11:13:03+00:00,United States Air Force,Thor Delta,Space Launch Complex 17A,"Cape Canaveral SFS, FL, USA",Launch Successful,1960
Thor DM-21 Ablestar | Transit 3A,1960-11-30 19:50:00+00:00,United States Air Force,Thor DM-21 Ablestar,Space Launch Complex 17B,"Cape Canaveral SFS, FL, USA",Launch Failure,1960
Vostok 8K72 | Korabl'-Sputnik-3,1960-12-01 07:30:04+00:00,Soviet Space Program,Vostok 8K72,1/5,"Baikonur Cosmodrome, Republic of Kazakhstan",Launch Successful,1960
Scout X-1 | NASA S-56,1960-12-04 21:14:00+00:00,National Aeronautics and Space Administration,Scout X-1,Launch Area 3,"Wallops Flight Facility, Virginia, USA",Launch Failure,1960
Thor DM-21 Agena-B | Discoverer 18,1960-12-07 20:20:58+00:00,United States Air Force,Thor DM-21 Agena-B,Space Launch Complex 1W,"Vandenberg SFB, CA, USA",Launch Successful,1960
Atlas-Able | P-31,1960-12-15 09:10:00+00:00,United States Air Force,Atlas-Able,Launch Complex 12,"Cape Canaveral SFS, FL, USA",Launch Failure,1960
Redstone MRLV | Mercury-Redstone 1A,1960-12-19 16:15:00+00:00,National Aeronautics and Space Administration,Redstone,Launch Complex 5,"Cape Canaveral SFS, FL, USA",Launch Successful,1960
Thor DM-21 Agena-B | Discoverer 19,1960-12-20 20:32:00+00:00,United States Air Force,Thor DM-21 Agena-B,Space Launch Complex 1E,"Vandenberg SFB, CA, USA",Launch Successful,1960
Vostok | Korabl-Sputnik (4),1960-12-22 07:45:19+00:00,Soviet Space Program,Vostok,1/5,"Baikonur Cosmodrome, Republic of Kazakhstan",Launch Failure,1960
Redstone MRLV | Mercury-Redstone 2,1961-01-31 16:55:00+00:00,National Aeronautics and Space Administration,Redstone,Launch Complex 5,"Cape Canaveral SFS, FL, USA",Launch Successful,1961
Atlas LV-3A | Samos 2,1961-01-31 20:21:19+00:00,United States Air Force,Atlas Agena B,Space Launch Complex 3W,"Vandenberg SFB, CA, USA",Launch Successful,1961
Molniya 8K78 | Venera-1VA 1,1961-02-04 01:18:03+00:00,Soviet Space Program,Molniya 8K78,1/5,"Baikonur Cosmodrome, Republic of Kazakhstan",Launch Failure,1961
Molniya 8K78 | Venera-1VA 2,1961-02-12 00:34:36+00:00,Soviet Space Program,Molniya 8K78,1/5,"Baikonur Cosmodrome, Republic of Kazakhstan",Launch Successful,1961
Scout X-1 | Explorer 9,1961-02-16 13:05:00+00:00,National Aeronautics and Space Administration,Scout X-1,Launch Area 3,"Wallops Flight Facility, Virginia, USA",Launch Successful,1961
Thor DM-21 Agena-B | KH-5 1,1961-02-17 20:25:02+00:00,United States Air Force,Thor DM-21 Agena-B,Space Launch Complex 1W,"Vandenberg SFB, CA, USA",Launch Successful,1961
Thor DM-21 Agena-B | Discoverer 21 (MIDAS RM-2),1961-02-18 22:57:58+00:00,United States Air Force,Thor DM-21 Agena-B,Space Launch Complex 1E,"Vandenberg SFB, CA, USA",Launch Successful,1961
Atlas LV-3B | Mercury-Atlas 2,1961-02-21 14:10:00+00:00,National Aeronautics and Space Administration,Atlas LV-3B,Space Launch Complex 14,"Cape Canaveral SFS, FL, USA",Launch Successful,1961
Thor DM-21 Ablestar | Transit 3B & LOFTI-1,1961-02-22 03:45:00+00:00,United States Air Force,Thor DM-21 Ablestar,Space Launch Complex 17B,"Cape Canaveral SFS, FL, USA",Launch was a Partial Failure,1961
Juno II | S-45,1961-02-25 00:13:16+00:00,Army Ballistic Missile Agency,Juno II,Launch Complex 26B,"Cape Canaveral SFS, FL, USA",Launch Failure,1961
Vostok-K | Sputnik 9,1961-03-09 06:29:00+00:00,Soviet Space Program,Vostok,1/5,"Baikonur Cosmodrome, Republic of Kazakhstan",Launch Successful,1961
Little Joe | LJ-5A,1961-03-18 16:49:00+00:00,National Aeronautics and Space Administration,Little Joe,Launch Area 1,"Wallops Flight Facility, Virginia, USA",Launch was a Partial Failure,1961
Redstone MRLV | Mercury-Redstone BD,1961-03-24 17:30:00+00:00,National Aeronautics and Space Administration,Redstone,Launch Complex 5,"Cape Canaveral SFS, FL, USA",Launch Successful,1961
Vostok-K | Sputnik 10,1961-03-25 05:54:00+00:00,Soviet Space Program,Vostok,1/5,"Baikonur Cosmodrome, Republic of Kazakhstan",Launch Successful,1961
Delta DM-19 | Explorer 10,1961-03-25 15:17:04+00:00,United States Air Force,Delta DM-19,Space Launch Complex 17A,"Cape Canaveral SFS, FL, USA",Launch Successful,1961
Thor DM-21 Agena-B | Discoverer 22,1961-03-30 20:34:43+00:00,United States Air Force,Thor DM-21 Agena-B,Space Launch Complex 1W,"Vandenberg SFB, CA, USA",Launch Failure,1961
Thor DM-21 Agena-B | KH-5 2,1961-04-08 19:21:08+00:00,United States Air Force,Thor DM-21 Agena-B,Space Launch Complex 1E,"Vandenberg SFB, CA, USA",Launch Successful,1961
Vostok-K | Vostok 1,1961-04-12 06:07:00+00:00,Soviet Space Program,Vostok,1/5,"Baikonur Cosmodrome, Republic of Kazakhstan",Launch Successful,1961
Trailblazer 1 | Trailblazer 1g,1961-04-21 05:56:20+00:00,National Aeronautics and Space Administration,Trailblazer 1,Unknown Pad,"Wallops Flight Facility, Virginia, USA",Launch Successful,1961
Atlas LV-3B | Mercury-Atlas 3,1961-04-25 16:15:00+00:00,National Aeronautics and Space Administration,Atlas LV-3B,Space Launch Complex 14,"Cape Canaveral SFS, FL, USA",Launch Failure,1961
Juno II | Explorer 11,1961-04-27 14:16:38+00:00,Army Ballistic Missile Agency,Juno II,Launch Complex 26B,"Cape Canaveral SFS, FL, USA",Launch Successful,1961
Little Joe | LJ-5B,1961-04-28 14:03:00+00:00,National Aeronautics and Space Administration,Little Joe,Launch Area 4,"Wallops Flight Facility, Virginia, USA",Launch Successful,1961
Redstone MRLV | Mercury-Redstone 3,1961-05-05 14:34:13+00:00,National Aeronautics and Space Administration,Redstone,Launch Complex 5,"Cape Canaveral SFS, FL, USA",Launch Successful,1961
Juno II | S-45A,1961-05-24 19:48:05+00:00,Army Ballistic Missile Agency,Juno II,Launch Complex 26B,"Cape Canaveral SFS, FL, USA",Launch Failure,1961
Thor DM-21 Agena-B | KH-5 3,1961-06-08 21:16:00+00:00,United States Air Force,Thor DM-21 Agena-B,Space Launch Complex 1W,"Vandenberg SFB, CA, USA",Launch Failure,1961
Thor DM-21 Agena-B | Discoverer 25,1961-06-16 23:02:52+00:00,United States Air Force,Thor DM-21 Agena-B,Space Launch Complex 2E,"Vandenberg SFB, CA, USA",Launch Successful,1961
Thor DM-21 Ablestar | Transit 4A & Injun-1 & Solrad 3,1961-06-29 04:23:00+00:00,United States Air Force,Thor DM-21 Ablestar,Space Launch Complex 17B,"Cape Canaveral SFS, FL, USA",Launch Successful,1961
Scout X-1 | S-55,1961-06-30 17:09:00+00:00,National Aeronautics and Space Administration,Scout X-1,Launch Area 3,"Wallops Flight Facility, Virginia, USA",Launch Failure,1961
Thor DM-21 Agena-B | Discoverer 26,1961-07-07 23:29:48+00:00,United States Air Force,Thor DM-21 Agena-B,Space Launch Complex 1E,"Vandenberg SFB, CA, USA",Launch Successful,1961
Delta DM-19 | Tiros-3,1961-07-12 10:25:06+00:00,United States Air Force,Delta DM-19,Space Launch Complex 17A,"Cape Canaveral SFS, FL, USA",Launch Successful,1961
Atlas LV-3A | MIDAS 3,1961-07-12 15:11:46+00:00,United States Air Force,Atlas Agena B,Space Launch Complex 3E,"Vandenberg SFB, CA, USA",Launch Successful,1961
Redstone MRLV | Mercury-Redstone 4,1961-07-21 12:20:00+00:00,National Aeronautics and Space Administration,Redstone,Launch Complex 5,"Cape Canaveral SFS, FL, USA",Launch Successful,1961
Thor DM-21 Agena-B | KH-5 4,1961-07-21 22:35:00+00:00,United States Air Force,Thor DM-21 Agena-B,Space Launch Complex 1W,"Vandenberg SFB, CA, USA",Launch Failure,1961
Thor DM-21 Agena-B | Discoverer 28,1961-08-04 00:01:00+00:00,United States Air Force,Thor DM-21 Agena-B,Space Launch Complex 1W,"Vandenberg SFB, CA, USA",Launch Failure,1961
Vostok-K | Vostok 2,1961-08-06 06:00:00+00:00,Soviet Space Program,Vostok,1/5,"Baikonur Cosmodrome, Republic of Kazakhstan",Launch Successful,1961
Delta DM-19 | Explorer 12,1961-08-16 03:21:05+00:00,United States Air Force,Delta DM-19,Space Launch Complex 17A,"Cape Canaveral SFS, FL, USA",Launch Successful,1961
Blue Scout Jr | O-1,1961-08-17 14:29:00+00:00,United States Air Force,Blue Scout Jr,Launch Complex 18A,"Cape Canaveral SFS, FL, USA",Launch Successful,1961
Atlas LV-3A | Ranger 1,1961-08-23 10:04:10+00:00,United States Air Force,Atlas Agena B,Launch Complex 12,"Cape Canaveral SFS, FL, USA",Launch was a Partial Failure,1961
Scout X-1 | Explorer 13,1961-08-25 18:29:44+00:00,National Aeronautics and Space Administration,Scout X-1,Launch Area 3,"Wallops Flight Facility, Virginia, USA",Launch Failure,1961
Thor DM-21 Agena-B | Discoverer 29,1961-08-30 20:00:00+00:00,United States Air Force,Thor DM-21 Agena-B,Space Launch Complex 1W,"Vandenberg SFB, CA, USA",Launch Successful,1961
Atlas LV-3A | Samos 3,1961-09-09 19:28:27+00:00,United States Air Force,Atlas Agena B,Space Launch Complex 3W,"Vandenberg SFB, CA, USA",Launch Failure,1961
Thor DM-21 Agena-B | Discoverer 30,1961-09-12 19:59:00+00:00,United States Air Force,Thor DM-21 Agena-B,Space Launch Complex 1E,"Vandenberg SFB, CA, USA",Launch Successful,1961
Atlas LV-3B | Mercury-Atlas 4,1961-09-13 14:04:16+00:00,National Aeronautics and Space Administration,Atlas LV-3B,Space Launch Complex 14,"Cape Canaveral SFS, FL, USA",Launch Successful,1961
Thor DM-21 Agena-B | Discoverer 31,1961-09-17 21:00:00+00:00,United States Air Force,Thor DM-21 Agena-B,Space Launch Complex 2E,"Vandenberg SFB, CA, USA",Launch Successful,1961
Thor DM-21 Agena-B | Discoverer 32,1961-10-13 19:22:00+00:00,United States Air Force,Thor DM-21 Agena-B,Space Launch Complex 1W,"Vandenberg SFB, CA, USA",Launch Successful,1961
Scout X-1 | P-21,1961-10-19 17:38:00+00:00,National Aeronautics and Space Administration,Scout X-1,Launch Area 3,"Wallops Flight Facility, Virginia, USA",Launch Successful,1961
Atlas LV-3A | MIDAS 4 & Westford-1,1961-10-21 13:53:03+00:00,United States Air Force,Atlas Agena B,Space Launch Complex 3E,"Vandenberg SFB, CA, USA",Launch Successful,1961
Thor DM-21 Agena-B | Discoverer 33,1961-10-23 19:23:00+00:00,United States Air Force,Thor DM-21 Agena-B,Space Launch Complex 1E,"Vandenberg SFB, CA, USA",Launch Failure,1961
Saturn I | Saturn SA-1,1961-10-27 15:06:04+00:00,National Aeronautics and Space Administration,Saturn I,Launch Complex 34,"Cape Canaveral SFS, FL, USA",Launch Successful,1961
Kosmos-2I 63S1 | Kosmos-2I | DS-1-1,1961-10-27 16:30:00+00:00,Strategic Rocket Forces,Kosmos-2I 63S1,Mayak-2,"Kapustin Yar, Russian Federation",Launch Failure,1961
Blue Scout II | Mercury-Scout 1,1961-11-01 15:32:00+00:00,National Aeronautics and Space Administration,Blue Scout II,Launch Complex 18B,"Cape Canaveral SFS, FL, USA",Launch Failure,1961
Thor DM-21 Agena-B | Discoverer 34,1961-11-05 20:00:30+00:00,United States Air Force,Thor DM-21 Agena-B,Space Launch Complex 2E,"Vandenberg SFB, CA, USA",Launch was a Partial Failure,1961
Thor DM-21 Agena-B | Discoverer 35,1961-11-15 21:22:46+00:00,United States Air Force,Thor DM-21 Agena-B,Space Launch Complex 1W,"Vandenberg SFB, CA, USA",Launch Successful,1961
Thor DM-21 Ablestar | Transit 4B & TRAAC,1961-11-15 22:26:00+00:00,United States Air Force,Thor DM-21 Ablestar,Space Launch Complex 17B,"Cape Canaveral SFS, FL, USA",Launch Successful,1961
Atlas LV-3A | Ranger 2,1961-11-18 08:12:00+00:00,United States Air Force,Atlas Agena B,Launch Complex 12,"Cape Canaveral SFS, FL, USA",Launch Failure,1961
Atlas LV-3A | Samos 4,1961-11-22 20:45:47+00:00,United States Air Force,Atlas Agena B,Space Launch Complex 3W,"Vandenberg SFB, CA, USA",Launch Failure,1961
Atlas LV-3B | Mercury-Atlas 5,1961-11-29 15:07:57+00:00,National Aeronautics and Space Administration,Atlas LV-3B,Space Launch Complex 14,"Cape Canaveral SFS, FL, USA",Launch Successful,1961
Blue Scout Jr | Blue Scout Jr. O-2,1961-12-04 04:00:16+00:00,United States Air Force,Blue Scout Jr,Launch Complex A,"Vandenberg SFB, CA, USA",Launch Successful,1961
Vostok-K | Zenit-2 1,1961-12-11 09:39:02+00:00,Soviet Space Program,Vostok,1/5,"Baikonur Cosmodrome, Republic of Kazakhstan",Launch Failure,1961
Thor DM-21 Agena-B | Discoverer 36 & OSCAR 1,1961-12-12 20:40:00+00:00,United States Air Force,Thor DM-21 Agena-B,Space Launch Complex 1W,"Vandenberg SFB, CA, USA",Launch Successful,1961
Kosmos-2I 63S1 | DS-1 2,1961-12-21 12:30:00+00:00,Strategic Rocket Forces,Kosmos-2I 63S1,Mayak-2,"Kapustin Yar, Russian Federation",Launch Failure,1961
Atlas LV-3A | Samos 5,1961-12-22 19:12:33+00:00,United States Air Force,Atlas Agena B,Space Launch Complex 3E,"Vandenberg SFB, CA, USA",Launch was a Partial Failure,1961
Thor DM-21 Agena-B | Discoverer 37,1962-01-13 21:41:02+00:00,United States Air Force,Thor DM-21 Agena-B,Space Launch Complex 1W,"Vandenberg SFB, CA, USA",Launch Failure,1962
Thor DM-21 Ablestar | 5 Payloads Rideshare,1962-01-24 09:30:00+00:00,United States Air Force,Thor DM-21 Ablestar,Space Launch Complex 17B,"Cape Canaveral SFS, FL, USA",Launch Failure,1962
Atlas Agena B | Ranger 3,1962-01-26 20:30:11+00:00,United States Air Force,Atlas Agena B,Launch Complex 12,"Cape Canaveral SFS, FL, USA",Launch Successful,1962
Thor Delta | Tiros 4,1962-02-08 12:43:45+00:00,United States Air Force,Thor Delta,Space Launch Complex 17A,"Cape Canaveral SFS, FL, USA",Launch Successful,1962
Atlas LV-3B | Mercury-Atlas 6,1962-02-20 14:47:39+00:00,National Aeronautics and Space Administration,Atlas LV-3B,Space Launch Complex 14,"Cape Canaveral SFS, FL, USA",Launch Successful,1962
Thor DM-21 Agena-B | P-102 Group 0-D,1962-02-21 18:44:00+00:00,United States Air Force,Thor DM-21 Agena-B,Space Launch Complex 1E,"Vandenberg SFB, CA, USA",Launch Successful,1962
Thor DM-21 Agena-B | KH-4 1,1962-02-27 19:39:20+00:00,United States Air Force,Thor DM-21 Agena-B,Space Launch Complex 1W,"Vandenberg SFB, CA, USA",Launch Successful,1962
Thor Delta | OSO 1,1962-03-07 16:06:18+00:00,United States Air Force,Thor Delta,Space Launch Complex 17A,"Cape Canaveral SFS, FL, USA",Launch Successful,1962
Atlas Agena B | Samos 6,1962-03-07 22:10:31+00:00,United States Air Force,Atlas Agena B,Space Launch Complex 3E,"Vandenberg SFB, CA, USA",Launch Successful,1962
Kosmos-2I 63S1 | DS-2 1,1962-03-16 11:59:00+00:00,Soviet Space Program,Kosmos-2I 63S1,Mayak-2,"Kapustin Yar, Russian Federation",Launch Successful,1962
Scout X-2 | P-21A,1962-03-29 07:27:00+00:00,National Aeronautics and Space Administration,Scout X-2,Launch Area 3,"Wallops Flight Facility, Virginia, USA",Launch Successful,1962
Kosmos-2I 63S1 | 1MS 1,1962-04-06 17:15:00+00:00,Soviet Space Program,Kosmos-2I 63S1,Mayak-2,"Kapustin Yar, Russian Federation",Launch Successful,1962
Atlas Agena B | Midas 5,1962-04-09 15:04:48+00:00,United States Air Force,Atlas Agena B,Space Launch Complex 3E,"Vandenberg SFB, CA, USA",Launch Successful,1962
Thor DM-21 Agena-B | KH-4 2,1962-04-18 00:53:47+00:00,United States Air Force,Thor DM-21 Agena-B,Space Launch Complex 1E,"Vandenberg SFB, CA, USA",Launch Successful,1962
Atlas Agena B | Ranger 4,1962-04-23 20:50:00+00:00,United States Air Force,Atlas Agena B,Launch Complex 12,"Cape Canaveral SFS, FL, USA",Launch Successful,1962
Kosmos-2I 63S1 | Sputnik 13,1962-04-24 04:00:00+00:00,Soviet Space Program,Kosmos-2I 63S1,Mayak-2,"Kapustin Yar, Russian Federation",Launch Successful,1962
Saturn I | Saturn SA-2,1962-04-25 14:00:34+00:00,National Aeronautics and Space Administration,Saturn I,Launch Complex 34,"Cape Canaveral SFS, FL, USA",Launch Successful,1962
Vostok | Zenit-2 2,1962-04-26 10:02:00+00:00,Soviet Space Program,Vostok,1/5,"Baikonur Cosmodrome, Republic of Kazakhstan",Launch Successful,1962
Scout X-2 | SOLRAD 4B,1962-04-26 10:49:00+00:00,US Navy,Scout X-2,Space Launch Complex 5,"Vandenberg SFB, CA, USA",Launch Failure,1962
Thor Delta | Ariel 1,1962-04-26 18:00:16+00:00,United States Air Force,Thor Delta,Space Launch Complex 17A,"Cape Canaveral SFS, FL, USA",Launch Successful,1962
Atlas Agena B | Samos-E6 1,1962-04-26 18:56:08+00:00,United States Air Force,Atlas Agena B,Space Launch Complex 3W,"Vandenberg SFB, CA, USA",Launch Successful,1962
Thor DM-21 Agena-B | KH-4 3,1962-04-29 00:30:12+00:00,United States Air Force,Thor DM-21 Agena-B,Space Launch Complex 1W,"Vandenberg SFB, CA, USA",Launch Successful,1962
Trailblazer 2 | Trailblazer IIb,1962-05-06 05:41:00+00:00,National Aeronautics and Space Administration,Trailblazer 2,Unknown Pad,"Wallops Flight Facility, Virginia, USA",Launch Successful,1962
Thor DM-21 Ablestar | ANNA 1A,1962-05-10 12:06:00+00:00,United States Air Force,Thor DM-21 Ablestar,Space Launch Complex 17B,"Cape Canaveral SFS, FL, USA",Launch Failure,1962
Thor DM-21 Agena-B | KH-5 5,1962-05-15 19:36:00+00:00,United States Air Force,Thor DM-21 Agena-B,Space Launch Complex 1E,"Vandenberg SFB, CA, USA",Launch Successful,1962
Scout X-2M | DSAP-1 F1,1962-05-24 00:00:00+00:00,United States Air Force,Scout X-2M,Space Launch Complex 5,"Vandenberg SFB, CA, USA",Launch Failure,1962
Atlas LV-3B | Mercury-Atlas 7,1962-05-24 12:45:16+00:00,National Aeronautics and Space Administration,Atlas LV-3B,Space Launch Complex 14,"Cape Canaveral SFS, FL, USA",Launch Successful,1962
Kosmos-2I 63S1 | Sputnik 15,1962-05-28 03:00:00+00:00,Soviet Space Program,Kosmos-2I 63S1,Mayak-2,"Kapustin Yar, Russian Federation",Launch Successful,1962
Thor DM-21 Agena-B | KH-4 4,1962-05-30 01:00:04+00:00,United States Air Force,Thor DM-21 Agena-B,Space Launch Complex 2E,"Vandenberg SFB, CA, USA",Launch Successful,1962
Vostok 8A92 | Zenit-2 3,1962-06-01 09:38:00+00:00,Soviet Space Program,Vostok 8A92,1/5,"Baikonur Cosmodrome, Republic of Kazakhstan",Launch Failure,1962
Thor DM-21 Agena-B | KH-4 5,1962-06-02 00:31:28+00:00,United States Air Force,Thor DM-21 Agena-B,Space Launch Complex 1W,"Vandenberg SFB, CA, USA",Launch Successful,1962
Atlas Agena B | Samos-E6 2,1962-06-17 18:14:18+00:00,United States Air Force,Atlas Agena B,Space Launch Complex 3W,"Vandenberg SFB, CA, USA",Launch Successful,1962
Thor DM-21 Agena-B | P-102 Group 2-D 1,1962-06-18 20:20:00+00:00,United States Air Force,Thor DM-21 Agena-B,Space Launch Complex 1E,"Vandenberg SFB, CA, USA",Launch Successful,1962
Thor Delta | Tiros 5,1962-06-19 12:19:01+00:00,United States Air Force,Thor Delta,Space Launch Complex 17A,"Cape Canaveral SFS, FL, USA",Launch Successful,1962
Thor DM-21 Agena-B | KH-4 6,1962-06-23 00:30:47+00:00,United States Air Force,Thor DM-21 Agena-B,Space Launch Complex 1W,"Vandenberg SFB, CA, USA",Launch Successful,1962
Thor Agena D | KH-4 7,1962-06-28 01:09:00+00:00,United States Air Force,Thor Agena D,Space Launch Complex 2E,"Vandenberg SFB, CA, USA",Launch Successful,1962
Kosmos-2I 63S1 | DS-P1 1,1962-06-30 16:00:00+00:00,Soviet Space Program,Kosmos-2I 63S1,Mayak-2,"Kapustin Yar, Russian Federation",Launch Successful,1962
Thor Delta | Telstar 1,1962-07-10 08:35:05+00:00,United States Air Force,Thor Delta,Space Launch Complex 17B,"Cape Canaveral SFS, FL, USA",Launch Successful,1962
X-15 | Flight 62,1962-07-17 17:30:00+00:00,United States Air Force,North American X-15,Edwards Air Force Base,Air launch to Suborbital flight,Launch Successful,1962
Atlas Agena B | Samos-E6 3,1962-07-18 20:51:20+00:00,United States Air Force,Atlas Agena B,Space Launch Complex 3W,"Vandenberg SFB, CA, USA",Launch Successful,1962
Thor DM-21 Agena-B | KH-4 8,1962-07-21 00:56:40+00:00,United States Air Force,Thor DM-21 Agena-B,Space Launch Complex 1E,"Vandenberg SFB, CA, USA",Launch Successful,1962
Atlas Agena B | Mariner 1,1962-07-22 09:21:23+00:00,United States Air Force,Atlas Agena B,Launch Complex 12,"Cape Canaveral SFS, FL, USA",Launch Failure,1962
Thor DM-21 Agena-B | KH-4 9,1962-07-28 00:30:09+00:00,United States Air Force,Thor DM-21 Agena-B,Space Launch Complex 1W,"Vandenberg SFB, CA, USA",Launch Successful,1962
Vostok 8A92 | Zenit-2 4,1962-07-28 09:18:31+00:00,Soviet Space Program,Vostok 8A92,1/5,"Baikonur Cosmodrome, Republic of Kazakhstan",Launch Successful,1962
Thor Agena D | KH-4 10,1962-08-02 00:17:00+00:00,United States Air Force,Thor Agena D,Space Launch Complex 2E,"Vandenberg SFB, CA, USA",Launch Successful,1962
Atlas Agena B | Samos-E6 4,1962-08-05 17:58:59+00:00,United States Air Force,Atlas Agena B,Space Launch Complex 3W,"Vandenberg SFB, CA, USA",Launch Successful,1962
Vostok-K | Vostok 3,1962-08-11 08:30:00+00:00,Soviet Space Program,Vostok,1/5,"Baikonur Cosmodrome, Republic of Kazakhstan",Launch Successful,1962
Vostok-K | Vostok 4,1962-08-12 08:02:33+00:00,Soviet Space Program,Vostok,1/5,"Baikonur Cosmodrome, Republic of Kazakhstan",Launch Successful,1962
Kosmos-2I 63S1 | Sputnik 18,1962-08-18 15:00:00+00:00,Soviet Space Program,Kosmos-2I 63S1,Mayak-2,"Kapustin Yar, Russian Federation",Launch Successful,1962
Scout X-2M | DSAP-1 F2,1962-08-23 11:33:00+00:00,United States Air Force,Scout X-2M,Space Launch Complex 5,"Vandenberg SFB, CA, USA",Launch Successful,1962
Molniya 8K78 | Venera 2a,1962-08-25 02:18:45+00:00,Soviet Space Program,Molniya 8K78,1/5,"Baikonur Cosmodrome, Republic of Kazakhstan",Launch Failure,1962
Atlas Agena B | Mariner 2,1962-08-27 06:53:14+00:00,United States Air Force,Atlas Agena B,Launch Complex 12,"Cape Canaveral SFS, FL, USA",Launch Successful,1962
Thor Agena D | KH-4 11 & RM 3,1962-08-29 01:00:36+00:00,United States Air Force,Thor Agena D,Space Launch Complex 2W,"Vandenberg SFB, CA, USA",Launch Successful,1962
Scout X-3A | Reentry-2,1962-08-31 16:25:00+00:00,National Aeronautics and Space Administration,Scout X-3A,Launch Area 3,"Wallops Flight Facility, Virginia, USA",Launch Successful,1962
Molniya 8K78 | Venera 2b,1962-09-01 02:12:30+00:00,Soviet Space Program,Molniya 8K78,1/5,"Baikonur Cosmodrome, Republic of Kazakhstan",Launch Failure,1962
Thor DM-21 Agena-B | KH-5 6,1962-09-01 20:39:09+00:00,United States Air Force,Thor DM-21 Agena-B,Space Launch Complex 1E,"Vandenberg SFB, CA, USA",Launch Successful,1962
Molniya 8K78 | Venera 2c,1962-09-12 00:59:13+00:00,Soviet Space Program,Molniya 8K78,1/5,"Baikonur Cosmodrome, Republic of Kazakhstan",Launch Failure,1962
Thor DM-21 Agena-B | KH-4 12,1962-09-17 23:46:18+00:00,United States Air Force,Thor DM-21 Agena-B,Space Launch Complex 1W,"Vandenberg SFB, CA, USA",Launch Successful,1962
Thor Delta | Tiros 6,1962-09-18 08:53:08+00:00,United States Air Force,Thor Delta,Space Launch Complex 17A,"Cape Canaveral SFS, FL, USA",Launch Successful,1962
Vostok 8A92 | Zenit-2 5,1962-09-27 09:39:51+00:00,Soviet Space Program,Vostok 8A92,1/5,"Baikonur Cosmodrome, Republic of Kazakhstan",Launch Successful,1962
Thor DM-21 Agena-B | Alouette 1,1962-09-29 06:05:00+00:00,United States Air Force,Thor DM-21 Agena-B,Space Launch Complex 2E,"Vandenberg SFB, CA, USA",Launch Successful,1962
Thor Agena D | KH-4 13 & RM 4,1962-09-29 23:34:50+00:00,United States Air Force,Thor Agena D,Space Launch Complex 2W,"Vandenberg SFB, CA, USA",Launch Successful,1962
Thor Delta A | Explorer 14,1962-10-02 22:11:30+00:00,United States Air Force,Thor Delta A,Space Launch Complex 17B,"Cape Canaveral SFS, FL, USA",Launch Successful,1962
Atlas LV-3B | Mercury-Atlas 8,1962-10-03 12:15:12+00:00,National Aeronautics and Space Administration,Atlas LV-3B,Space Launch Complex 14,"Cape Canaveral SFS, FL, USA",Launch Successful,1962
Thor DM-21 Agena-B | KH-5 7,1962-10-09 18:35:39+00:00,United States Air Force,Thor DM-21 Agena-B,Space Launch Complex 1W,"Vandenberg SFB, CA, USA",Launch Successful,1962
Vostok 8A92 | Zenit-2 6,1962-10-17 09:00:00+00:00,Soviet Space Program,Vostok 8A92,1/5,"Baikonur Cosmodrome, Republic of Kazakhstan",Launch Successful,1962
Atlas Agena B | Ranger 5,1962-10-18 16:59:00+00:00,United States Air Force,Atlas Agena B,Launch Complex 12,"Cape Canaveral SFS, FL, USA",Launch Successful,1962
Kosmos-2I 63S1 | DS-A1 1,1962-10-20 04:00:00+00:00,Soviet Space Program,Kosmos-2I 63S1,Mayak-2,"Kapustin Yar, Russian Federation",Launch Successful,1962
Molniya 8K78 | Mars 1c,1962-10-24 17:55:04+00:00,Soviet Space Program,Molniya 8K78,1/5,"Baikonur Cosmodrome, Republic of Kazakhstan",Launch Failure,1962
Kosmos-2I 63S1 | 1MS 2,1962-10-25 07:00:00+00:00,Soviet Space Program,Kosmos-2I 63S1,Mayak-2,"Kapustin Yar, Russian Federation",Launch Failure,1962
Thor Agena D | Star-Rad,1962-10-26 16:14:39+00:00,United States Air Force,Thor Agena D,Space Launch Complex 2W,"Vandenberg SFB, CA, USA",Launch Successful,1962
Thor Delta A | Explorer 15,1962-10-27 23:15:01+00:00,United States Air Force,Thor Delta A,Space Launch Complex 17B,"Cape Canaveral SFS, FL, USA",Launch Successful,1962
Thor DM-21 Ablestar | ANNA 1B,1962-10-31 08:08:00+00:00,United States Air Force,Thor DM-21 Ablestar,Space Launch Complex 17A,"Cape Canaveral SFS, FL, USA",Launch Successful,1962
Molniya 8K78 | Mars 1,1962-11-01 16:14:16+00:00,Soviet Space Program,Molniya 8K78,1/5,"Baikonur Cosmodrome, Republic of Kazakhstan",Launch Successful,1962
Molniya 8K78 | Mars 2a,1962-11-04 15:35:15+00:00,Soviet Space Program,Molniya 8K78,1/5,"Baikonur Cosmodrome, Republic of Kazakhstan",Launch Failure,1962
Thor DM-21 Agena-B | KH-4 14,1962-11-05 22:04:32+00:00,United States Air Force,Thor DM-21 Agena-B,Space Launch Complex 1W,"Vandenberg SFB, CA, USA",Launch Successful,1962
Atlas Agena B | Samos-E6 5,1962-11-11 20:17:02+00:00,United States Air Force,Atlas Agena B,Space Launch Complex 3W,"Vandenberg SFB, CA, USA",Launch Successful,1962
Saturn I | Saturn SA-3,1962-11-16 17:45:02+00:00,National Aeronautics and Space Administration,Saturn I,Launch Complex 34,"Cape Canaveral SFS, FL, USA",Launch Successful,1962
Thor DM-21 Agena-B | KH-4 15,1962-11-24 22:00:54+00:00,United States Air Force,Thor DM-21 Agena-B,Space Launch Complex 1W,"Vandenberg SFB, CA, USA",Launch Successful,1962
Thor Agena D | KH-4 16,1962-12-04 21:30:35+00:00,United States Air Force,Thor Agena D,Space Launch Complex 2W,"Vandenberg SFB, CA, USA",Launch Successful,1962
Thor Agena D | Poppy 3A & 3B,1962-12-13 04:07:00+00:00,United States Air Force,Thor Agena D,Space Launch Complex 2E,"Vandenberg SFB, CA, USA",Launch Successful,1962
Thor Delta B | Relay 1,1962-12-13 23:30:01+00:00,United States Air Force,Thor Delta B,Space Launch Complex 17A,"Cape Canaveral SFS, FL, USA",Launch Successful,1962
Thor Agena D | KH-4 17,1962-12-14 21:26:07+00:00,United States Air Force,Thor Agena D,Space Launch Complex 1E,"Vandenberg SFB, CA, USA",Launch Successful,1962
Scout X-3 | Explorer 16,1962-12-16 14:33:04+00:00,National Aeronautics and Space Administration,Scout X-3,Launch Area 3,"Wallops Flight Facility, Virginia, USA",Launch Successful,1962
Atlas Agena B | Midas 6,1962-12-17 20:36:33+00:00,United States Air Force,Atlas Agena B,Space Launch Complex 3E,"Vandenberg SFB, CA, USA",Launch Failure,1962
Scout X-3 | Transit-5A 1,1962-12-19 01:25:45+00:00,United States Air Force,Scout X-3,Space Launch Complex 5,"Vandenberg SFB, CA, USA",Launch Successful,1962
Vostok 8A92 | Zenit-2 7,1962-12-22 09:23:00+00:00,Soviet Space Program,Vostok 8A92,1/5,"Baikonur Cosmodrome, Republic of Kazakhstan",Launch Successful,1962
Molniya 8K78 | Luna-4c,1963-01-04 08:49:00+00:00,Soviet Space Program,Molniya 8K78,1/5,"Baikonur Cosmodrome, Republic of Kazakhstan",Launch Failure,1963
Thor Agena D | KH-4 18,1963-01-07 21:09:49+00:00,United States Air Force,Thor Agena D,Space Launch Complex 2E,"Vandenberg SFB, CA, USA",Launch Successful,1963
Thor DM-21 Agena-B | P-698BK Group 1-D 1,1963-01-16 21:59:00+00:00,United States Air Force,Thor DM-21 Agena-B,Space Launch Complex 1E,"Vandenberg SFB, CA, USA",Launch Successful,1963
X-15 | Flight 77,1963-01-17 16:59:00+00:00,United States Air Force,North American X-15,Edwards Air Force Base,Air launch to Suborbital flight,Launch Successful,1963
Molniya 8K78 | Luna-4d,1963-02-03 09:29:14+00:00,Soviet Space Program,Molniya 8K78,1/5,"Baikonur Cosmodrome, Republic of Kazakhstan",Launch Failure,1963
Thor Delta B | Syncom 1,1963-02-14 05:35:08+00:00,United States Air Force,Thor Delta B,Space Launch Complex 17B,"Cape Canaveral SFS, FL, USA",Launch Successful,1963
Scout X-3M | DSAP-1 F3,1963-02-19 16:52:00+00:00,United States Air Force,Scout X-3M,Space Launch Complex 5,"Vandenberg SFB, CA, USA",Launch Successful,1963
Thor SLV-2A Agena D | KH-4 19,1963-02-28 21:48:30+00:00,United States Air Force,Thor SLV-2A Agena D,Space Launch Complex 1E,"Vandenberg SFB, CA, USA",Launch Failure,1963
Thor SLV-2A Agena D | KH-6 1,1963-03-18 21:13:01+00:00,United States Air Force,Thor SLV-2A Agena D,Space Launch Complex 1W,"Vandenberg SFB, CA, USA",Launch Failure,1963
Vostok 8A92 | Zenit-2 8,1963-03-21 08:30:01+00:00,Soviet Space Program,Vostok 8A92,1/5,"Baikonur Cosmodrome, Republic of Kazakhstan",Launch Successful,1963
Saturn I | Saturn SA-4,1963-03-28 20:11:55+00:00,National Aeronautics and Space Administration,Saturn I,Launch Complex 34,"Cape Canaveral SFS, FL, USA",Launch Successful,1963
Thor Agena D | KH-4 20,1963-04-01 23:01:00+00:00,United States Air Force,Thor Agena D,Space Launch Complex 1E,"Vandenberg SFB, CA, USA",Launch Successful,1963
Molniya 8K78 | Luna-4,1963-04-02 08:16:37+00:00,Soviet Space Program,Molniya 8K78,1/5,"Baikonur Cosmodrome, Republic of Kazakhstan",Launch Successful,1963
Thor Delta B | Explorer 17,1963-04-03 02:00:02+00:00,United States Air Force,Thor Delta B,Space Launch Complex 17A,"Cape Canaveral SFS, FL, USA",Launch Successful,1963
Scout X-3 | Transit-5A 2,1963-04-05 03:01:43+00:00,United States Air Force,Scout X-3,Space Launch Complex 5,"Vandenberg SFB, CA, USA",Launch Failure,1963
Kosmos-2I 63S1 | DS-P1 2,1963-04-06 03:01:00+00:00,Soviet Space Program,Kosmos-2I 63S1,Mayak-2,"Kapustin Yar, Russian Federation",Launch Failure,1963
Kosmos-2I 63S1 | Omega 1,1963-04-13 11:00:00+00:00,Soviet Space Program,Kosmos-2I 63S1,Mayak-2,"Kapustin Yar, Russian Federation",Launch Successful,1963
Vostok 8A92 | Zenit-2 9,1963-04-22 08:30:00+00:00,Soviet Space Program,Vostok 8A92,1/5,"Baikonur Cosmodrome, Republic of Kazakhstan",Launch Successful,1963
Scout X-2M | DSAP-1 F4,1963-04-26 00:00:00+00:00,United States Air Force,Scout X-2M,Space Launch Complex 5,"Vandenberg SFB, CA, USA",Launch Failure,1963
Thor Agena D | KH-5 8,1963-04-26 20:12:57+00:00,United States Air Force,Thor Agena D,Space Launch Complex 2E,"Vandenberg SFB, CA, USA",Launch Failure,1963
Vostok 8A92 | Zenit-2 10,1963-04-28 08:49:56+00:00,Soviet Space Program,Vostok 8A92,1/5,"Baikonur Cosmodrome, Republic of Kazakhstan",Launch Successful,1963
Thor Delta B | Telstar 2,1963-05-07 11:38:03+00:00,United States Air Force,Thor Delta B,Space Launch Complex 17B,"Cape Canaveral SFS, FL, USA",Launch Successful,1963
Atlas Agena B | Midas 7,1963-05-09 20:06:16+00:00,United States Air Force,Atlas Agena B,Space Launch Complex 3E,"Vandenberg SFB, CA, USA",Launch Successful,1963
Atlas LV-3B | Mercury-Atlas 9,1963-05-15 13:04:13+00:00,National Aeronautics and Space Administration,Atlas LV-3B,Space Launch Complex 14,"Cape Canaveral SFS, FL, USA",Launch Successful,1963
Thor SLV-2A Agena D | KH-6 2,1963-05-18 22:21:36+00:00,United States Air Force,Thor SLV-2A Agena D,Space Launch Complex 1E,"Vandenberg SFB, CA, USA",Launch Successful,1963
Kosmos-2I 63S1 | DS-A1 2,1963-05-22 03:00:00+00:00,Soviet Space Program,Kosmos-2I 63S1,Mayak-2,"Kapustin Yar, Russian Federation",Launch Successful,1963
Vostok 8A92 | Zenit-2 11,1963-05-24 10:34:06+00:00,Soviet Space Program,Vostok 8A92,1/5,"Baikonur Cosmodrome, Republic of Kazakhstan",Launch Successful,1963
Kosmos-2I 63S1 | DS-MT 1,1963-06-01 02:50:00+00:00,Soviet Space Program,Kosmos-2I 63S1,Mayak-2,"Kapustin Yar, Russian Federation",Launch Failure,1963
Atlas Agena B | Midas 8,1963-06-12 00:00:00+00:00,United States Air Force,Atlas Agena B,Space Launch Complex 3E,"Vandenberg SFB, CA, USA",Launch Failure,1963
Thor SLV-2A Agena D | KH-4 21,1963-06-12 23:58:38+00:00,United States Air Force,Thor SLV-2A Agena D,Space Launch Complex 1W,"Vandenberg SFB, CA, USA",Launch Successful,1963
Vostok-K | Vostok 5,1963-06-14 11:58:58+00:00,Soviet Space Program,Vostok,1/5,"Baikonur Cosmodrome, Republic of Kazakhstan",Launch Successful,1963
Thor Agena D | Poppy 4A & 4B,1963-06-15 14:29:00+00:00,United States Air Force,Thor Agena D,Space Launch Complex 2E,"Vandenberg SFB, CA, USA",Launch Failure,1963
Scout X-3 | Transit-5A 3,1963-06-16 01:49:52+00:00,United States Air Force,Scout X-3,Space Launch Complex 5,"Vandenberg SFB, CA, USA",Launch Successful,1963
Vostok-K | Vostok 6,1963-06-16 09:29:52+00:00,Soviet Space Program,Vostok,1/5,"Baikonur Cosmodrome, Republic of Kazakhstan",Launch Successful,1963
Thor Delta B | Tiros 7,1963-06-19 09:50:01+00:00,United States Air Force,Thor Delta B,Space Launch Complex 17B,"Cape Canaveral SFS, FL, USA",Launch Successful,1963
Thor SLV-2A Agena D | KH-4 22,1963-06-27 00:37:26+00:00,United States Air Force,Thor SLV-2A Agena D,Space Launch Complex 2W,"Vandenberg SFB, CA, USA",Launch Successful,1963
X-15 | Flight 87,1963-06-27 17:56:00+00:00,United States Air Force,North American X-15,Edwards Air Force Base,Air launch to Suborbital flight,Launch Successful,1963
Scout X-4 | GRS,1963-06-28 21:19:22+00:00,United States Air Force,Scout X-4,Launch Area 3,"Wallops Flight Facility, Virginia, USA",Launch Successful,1963
Thor SLV-2A Agena B | P-698BK Group 1-D 2,1963-06-29 22:30:00+00:00,United States Air Force,Thor SLV-2A Agena B,Space Launch Complex 1E,"Vandenberg SFB, CA, USA",Launch Successful,1963
Atlas Agena D | KH-7 1,1963-07-12 20:45:59+00:00,United States Air Force,Atlas Agena D,Space Launch Complex 4W,"Vandenberg SFB, CA, USA",Launch Successful,1963
Thor Agena D | KH-4 23,1963-07-19 00:00:10+00:00,United States Air Force,Thor Agena D,Space Launch Complex 2E,"Vandenberg SFB, CA, USA",Launch Successful,1963
Atlas Agena B | Midas 9,1963-07-19 03:51:18+00:00,United States Air Force,Atlas Agena B,Space Launch Complex 3E,"Vandenberg SFB, CA, USA",Launch Successful,1963
X-15 | Flight 90,1963-07-19 18:20:05+00:00,United States Air Force,North American X-15,Edwards Air Force Base,Air launch to Suborbital flight,Launch Successful,1963
Thor Delta B | Syncom 2,1963-07-26 14:33:00+00:00,United States Air Force,Thor Delta B,Space Launch Complex 17A,"Cape Canaveral SFS, FL, USA",Launch Successful,1963
Blue Scout Jr | OAR 22-1,1963-07-30 16:16:08+00:00,United States Air Force,Blue Scout Jr,Launch Complex 18A,"Cape Canaveral SFS, FL, USA",Launch Successful,1963
Thor SLV-2A Agena D | KH-6 3,1963-07-31 00:00:26+00:00,United States Air Force,Thor SLV-2A Agena D,Space Launch Complex 2W,"Vandenberg SFB, CA, USA",Launch Successful,1963
Kosmos-2I 63S1 | DS-P1 3,1963-08-06 06:07:00+00:00,Soviet Space Program,Kosmos-2I 63S1,Mayak-2,"Kapustin Yar, Russian Federation",Launch Successful,1963
Kosmos-2I 63S1 | DS-A1 3,1963-08-22 06:00:00+00:00,Soviet Space Program,Kosmos-2I 63S1,Mayak-2,"Kapustin Yar, Russian Federation",Launch Failure,1963
X-15 | Flight 91,1963-08-22 18:05:57+00:00,United States Air Force,North American X-15,Edwards Air Force Base,Air launch to Suborbital flight,Launch Successful,1963
Thor SLV-2A Agena D | KH-4A 1,1963-08-25 00:29:58+00:00,United States Air Force,Thor SLV-2A Agena D,Space Launch Complex 1W,"Vandenberg SFB, CA, USA",Launch Successful,1963
Little Joe II | QTV,1963-08-28 16:00:02+00:00,National Aeronautics and Space Administration,Little Joe II,Launch Complex 36,White Sands Missile Range,Launch Successful,1963
Thor SLV-2 Agena D | KH-5 9,1963-08-29 20:31:04+00:00,United States Air Force,Thor SLV-2 Agena D,Space Launch Complex 1E,"Vandenberg SFB, CA, USA",Launch Successful,1963
Atlas Agena D | KH-7 2,1963-09-06 19:30:18+00:00,United States Air Force,Atlas Agena D,Space Launch Complex 4W,"Vandenberg SFB, CA, USA",Launch Successful,1963
Thor SLV-2A Agena D | KH-4A 2,1963-09-23 23:00:00+00:00,United States Air Force,Thor SLV-2A Agena D,Space Launch Complex 2W,"Vandenberg SFB, CA, USA",Launch Successful,1963
Scout X-2B | DSAP-1 F5,1963-09-27 11:17:49+00:00,United States Air Force,Scout X-2B,Space Launch Complex 5,"Vandenberg SFB, CA, USA",Launch Failure,1963
Thor DM-21 Ablestar | Transit 5BN-1,1963-09-28 20:22:00+00:00,United States Air Force,Thor DM-21 Ablestar,Space Launch Complex 2E,"Vandenberg SFB, CA, USA",Launch Successful,1963
Atlas Agena D | Vela 1A & 1B,1963-10-17 02:37:00+00:00,United States Air Force,Atlas Agena D,Space Launch Complex 13,"Cape Canaveral SFS, FL, USA",Launch Successful,1963
Vostok 8A92 | Zenit-2 13,1963-10-18 09:29:58+00:00,Soviet Space Program,Vostok 8A92,1/5,"Baikonur Cosmodrome, Republic of Kazakhstan",Launch Successful,1963
Kosmos-2I 63S1 | DS-A1 4,1963-10-24 04:30:00+00:00,Soviet Space Program,Kosmos-2I 63S1,Mayak-2,"Kapustin Yar, Russian Federation",Launch Failure,1963
Atlas Agena D | KH-7 3,1963-10-25 18:59:27+00:00,United States Air Force,Atlas Agena D,Space Launch Complex 4W,"Vandenberg SFB, CA, USA",Launch Successful,1963
Thor SLV-2A Agena D | KH-5 10,1963-10-29 21:19:04+00:00,United States Air Force,Thor SLV-2A Agena D,Space Launch Complex 1W,"Vandenberg SFB, CA, USA",Launch Successful,1963
Sputnik 11A59 | Polyot,1963-11-01 08:56:38+00:00,Soviet Space Program,Sputnik 11A59,31/6,"Baikonur Cosmodrome, Republic of Kazakhstan",Launch Successful,1963
Thor SLV-2 Agena D | KH-4 24 & RM 5,1963-11-09 20:27:54+00:00,United States Air Force,Thor SLV-2 Agena D,Space Launch Complex 2W,"Vandenberg SFB, CA, USA",Launch Failure,1963
Molniya 8K78 | Zond-1a,1963-11-11 06:23:35+00:00,Soviet Space Program,Molniya 8K78,1/5,"Baikonur Cosmodrome, Republic of Kazakhstan",Launch Failure,1963
Voskhod | Zenit-4 1,1963-11-16 10:34:25+00:00,Soviet Space Program,Voskhod,1/5,"Baikonur Cosmodrome, Republic of Kazakhstan",Launch Successful,1963
Thor Delta C | Explorer 18,1963-11-27 02:30:01+00:00,United States Air Force,Thor Delta C,Space Launch Complex 17B,"Cape Canaveral SFS, FL, USA",Launch Successful,1963
Atlas Centaur | AC-2 Instrumentation Ring,1963-11-27 19:03:23+00:00,United States Air Force,Atlas Centaur,Launch Complex 36A,"Cape Canaveral SFS, FL, USA",Launch Successful,1963
Thor SLV-2 Agena D | KH-4 25,1963-11-27 21:15:40+00:00,United States Air Force,Thor SLV-2 Agena D,Space Launch Complex 3W,"Vandenberg SFB, CA, USA",Launch Successful,1963
Vostok 8A92 | Zenit-2 14,1963-11-28 09:19:59+00:00,Soviet Space Program,Vostok 8A92,1/5,"Baikonur Cosmodrome, Republic of Kazakhstan",Launch Failure,1963
Thor DM-21 Ablestar | Transit-5BN 2,1963-12-05 21:51:00+00:00,United States Air Force,Thor DM-21 Ablestar,Space Launch Complex 2E,"Vandenberg SFB, CA, USA",Launch Successful,1963
Kosmos-2I 63S1 | Omega 2,1963-12-13 14:15:24+00:00,Soviet Space Program,Kosmos-2I 63S1,Mayak-2,"Kapustin Yar, Russian Federation",Launch Successful,1963
Atlas Agena D | KH-7 4,1963-12-18 21:45:30+00:00,United States Air Force,Atlas Agena D,Space Launch Complex 4W,"Vandenberg SFB, CA, USA",Launch Successful,1963
Vostok 8A92 | Zenit-2 15,1963-12-19 09:28:58+00:00,Soviet Space Program,Vostok 8A92,1/5,"Baikonur Cosmodrome, Republic of Kazakhstan",Launch Successful,1963
Scout X-4 | Explorer 19,1963-12-19 18:49:25+00:00,National Aeronautics and Space Administration,Scout X-4,Space Launch Complex 5,"Vandenberg SFB, CA, USA",Launch Successful,1963
Thor Delta B | Tiros 8,1963-12-21 09:30:00+00:00,United States Air Force,Thor Delta B,Space Launch Complex 17B,"Cape Canaveral SFS, FL, USA",Launch Successful,1963
Thor SLV-2A Agena D | KH-4 26,1963-12-21 21:45:42+00:00,United States Air Force,Thor SLV-2A Agena D,Space Launch Complex 2W,"Vandenberg SFB, CA, USA",Launch Successful,1963
"Thor SLV-2A Agena D | Poppy 5A, 5B & 5C",1964-01-11 20:07:00+00:00,United States Air Force,Thor SLV-2A Agena D,Space Launch Complex 1E,"Vandenberg SFB, CA, USA",Launch Successful,1964
Thor SLV-2 Agena D | DSAP-1 F6 & F7,1964-01-19 10:59:54+00:00,United States Air Force,Thor SLV-2 Agena D,Space Launch Complex 2W,"Vandenberg SFB, CA, USA",Launch Successful,1964
Thor Delta B | Relay 2,1964-01-21 21:14:59+00:00,United States Air Force,Thor Delta B,Space Launch Complex 17B,"Cape Canaveral SFS, FL, USA",Launch Successful,1964
Thor SLV-2 Agena B | Echo 2,1964-01-25 13:59:04+00:00,United States Air Force,Thor SLV-2 Agena B,Space Launch Complex 2E,"Vandenberg SFB, CA, USA",Launch Successful,1964
Saturn I | Saturn SA-5,1964-01-29 16:25:01+00:00,National Aeronautics and Space Administration,Saturn I,Space Launch Complex 37B,"Cape Canaveral SFS, FL, USA",Launch Successful,1964
Vostok | Elektron-1 & 2,1964-01-30 09:45:09+00:00,Soviet Space Program,Vostok,1/5,"Baikonur Cosmodrome, Republic of Kazakhstan",Launch Successful,1964
Atlas Agena B | Ranger 6,1964-01-30 15:49:09+00:00,United States Air Force,Atlas Agena B,Launch Complex 12,"Cape Canaveral SFS, FL, USA",Launch Successful,1964
Thor SLV-2A Agena D | KH-4A 3,1964-02-15 21:38:23+00:00,United States Air Force,Thor SLV-2A Agena D,Space Launch Complex 1W,"Vandenberg SFB, CA, USA",Launch Successful,1964
Molniya 8K78 | Zond-1b,1964-02-19 05:47:40+00:00,Soviet Space Program,Molniya 8K78,1/5,"Baikonur Cosmodrome, Republic of Kazakhstan",Launch Failure,1964
Atlas Agena D | KH-7 5,1964-02-25 18:59:47+00:00,United States Air Force,Atlas Agena D,Space Launch Complex 4W,"Vandenberg SFB, CA, USA",Launch Successful,1964
Kosmos-2I 63S1 | DS-P1 4,1964-02-27 13:30:00+00:00,Soviet Space Program,Kosmos-2I 63S1,Mayak-2,"Kapustin Yar, Russian Federation",Launch Successful,1964
Thor SLV-2A Agena D | P-698BK Group 1-A,1964-02-28 03:20:00+00:00,United States Air Force,Thor SLV-2A Agena D,Space Launch Complex 1E,"Vandenberg SFB, CA, USA",Launch Successful,1964
Atlas Agena D | KH-7 6,1964-03-11 20:14:24+00:00,United States Air Force,Atlas Agena D,Space Launch Complex 4W,"Vandenberg SFB, CA, USA",Launch Successful,1964
Nike Cajun | Trailblazer Pellet,1964-03-12 04:17:00+00:00,National Aeronautics and Space Administration,Nike Cajun,Unknown Pad,"Wallops Flight Facility, Virginia, USA",Launch Successful,1964
Kosmos-2I 63S1 | DS-MG 1,1964-03-18 15:07:00+00:00,Soviet Space Program,Kosmos-2I 63S1,Mayak-2,"Kapustin Yar, Russian Federation",Launch Successful,1964
Thor Delta B | Beacon Explorer A,1964-03-19 11:13:41+00:00,United States Air Force,Thor Delta B,Space Launch Complex 17A,"Cape Canaveral SFS, FL, USA",Launch Failure,1964
Molniya 8K78 | Luna-5a,1964-03-21 08:15:35+00:00,Soviet Space Program,Molniya 8K78,1/5,"Baikonur Cosmodrome, Republic of Kazakhstan",Launch Failure,1964
Thor SLV-2A Agena D | KH-4A 4,1964-03-24 22:22:48+00:00,United States Air Force,Thor SLV-2A Agena D,Space Launch Complex 3W,"Vandenberg SFB, CA, USA",Launch Failure,1964
Molniya 8K78 | Zond 1c,1964-03-27 03:24:42+00:00,Soviet Space Program,Molniya 8K78,1/5,"Baikonur Cosmodrome, Republic of Kazakhstan",Launch Failure,1964
Scout X-3 | Ariel 2,1964-03-27 17:25:23+00:00,Science and Engineering Research Council,Scout X-3,Launch Area 3,"Wallops Flight Facility, Virginia, USA",Launch Successful,1964
Molniya 8K78 | Zond 1,1964-04-02 02:42:40+00:00,Soviet Space Program,Molniya 8K78,1/5,"Baikonur Cosmodrome, Republic of Kazakhstan",Launch Successful,1964
Vostok 8A92 | Zenit-2 16,1964-04-04 09:45:00+00:00,Soviet Space Program,Vostok 8A92,31/6,"Baikonur Cosmodrome, Republic of Kazakhstan",Launch Successful,1964
Titan II GLV | Gemini I,1964-04-08 16:00:01+00:00,United States Air Force,Titan II,Launch Complex 19,"Cape Canaveral SFS, FL, USA",Launch Successful,1964
Sputnik 11A59 | Polyot-2,1964-04-12 09:30:00+00:00,Soviet Space Program,Sputnik 11A59,31/6,"Baikonur Cosmodrome, Republic of Kazakhstan",Launch Successful,1964
Atlas D | FIRE 1,1964-04-14 21:42:25+00:00,United States Air Force,Atlas D,Launch Complex 12,"Cape Canaveral SFS, FL, USA",Launch Successful,1964
Molniya 8K78 | Luna-5b,1964-04-20 08:08:28+00:00,Soviet Space Program,Molniya 8K78,1/5,"Baikonur Cosmodrome, Republic of Kazakhstan",Launch Failure,1964
Thor DM-21 Ablestar | Transit-5BN 3,1964-04-21 18:50:00+00:00,United States Air Force,Thor DM-21 Ablestar,Space Launch Complex 2E,"Vandenberg SFB, CA, USA",Launch Failure,1964
Atlas Agena D | KH-7 7,1964-04-23 18:43:00+00:00,United States Air Force,Atlas Agena D,Space Launch Complex 4W,"Vandenberg SFB, CA, USA",Launch Successful,1964
Vostok 8A92 | Zenit-2 17,1964-04-25 10:21:00+00:00,Soviet Space Program,Vostok 8A92,31/6,"Baikonur Cosmodrome, Republic of Kazakhstan",Launch Successful,1964
Thor SLV-2A Agena D | KH-4A 5,1964-04-27 23:23:43+00:00,United States Air Force,Thor SLV-2A Agena D,Space Launch Complex 1W,"Vandenberg SFB, CA, USA",Launch Successful,1964
Little Joe II | A-001,1964-05-13 12:59:59+00:00,National Aeronautics and Space Administration,Little Joe II,Launch Complex 36,White Sands Missile Range,Launch Successful,1964
Voskhod | Zenit-4 2,1964-05-18 09:42:00+00:00,Soviet Space Program,Voskhod,1/5,"Baikonur Cosmodrome, Republic of Kazakhstan",Launch Successful,1964
Atlas Agena D | KH-7 8,1964-05-19 19:21:14+00:00,United States Air Force,Atlas Agena D,Space Launch Complex 4W,"Vandenberg SFB, CA, USA",Launch Successful,1964
Saturn I | Saturn-SA 6,1964-05-28 17:07:00+00:00,National Aeronautics and Space Administration,Saturn I,Space Launch Complex 37B,"Cape Canaveral SFS, FL, USA",Launch Successful,1964
Scout X-4 | Transit VC,1964-06-04 03:50:55+00:00,United States Air Force,Scout X-4,Space Launch Complex 5,"Vandenberg SFB, CA, USA",Launch Successful,1964
Molniya 8K78 | Molniya-1 1a,1964-06-04 04:00:00+00:00,Soviet Space Program,Molniya 8K78,1/5,"Baikonur Cosmodrome, Republic of Kazakhstan",Launch Failure,1964
Thor SLV-2A Agena D | KH-4A 6,1964-06-04 22:59:00+00:00,United States Air Force,Thor SLV-2A Agena D,Space Launch Complex 3W,"Vandenberg SFB, CA, USA",Launch Successful,1964
Kosmos-2I 63S1 | DS-MT 2,1964-06-06 06:00:00+00:00,Soviet Space Program,Kosmos-2I 63S1,Mayak-2,"Kapustin Yar, Russian Federation",Launch Successful,1964
Vostok 8A92 | Zenit-2 18,1964-06-10 11:00:00+00:00,Soviet Space Program,Vostok 8A92,31/6,"Baikonur Cosmodrome, Republic of Kazakhstan",Launch Successful,1964
Thor SLV-2A Agena D | KH-5 11,1964-06-13 15:47:00+00:00,United States Air Force,Thor SLV-2A Agena D,Space Launch Complex 2W,"Vandenberg SFB, CA, USA",Launch Successful,1964
Thor SLV-2 Agena D | DSAP-1 F8 & F9,1964-06-18 04:56:08+00:00,United States Air Force,Thor SLV-2 Agena D,Space Launch Complex 1W,"Vandenberg SFB, CA, USA",Launch Successful,1964
Thor SLV-2A Agena D | KH-4A 7,1964-06-19 23:18:07+00:00,United States Air Force,Thor SLV-2A Agena D,Space Launch Complex 2E,"Vandenberg SFB, CA, USA",Launch Successful,1964
Vostok 8A92 | Zenit-2 19,1964-06-23 10:00:00+00:00,Soviet Space Program,Vostok 8A92,31/6,"Baikonur Cosmodrome, Republic of Kazakhstan",Launch Successful,1964
Scout X-4 | ESRS,1964-06-25 01:40:24+00:00,United States Air Force,Scout X-4,Space Launch Complex 5,"Vandenberg SFB, CA, USA",Launch Failure,1964
Atlas Centaur | AC-3 Instrumentation Ring,1964-06-30 14:04:22+00:00,United States Air Force,Atlas Centaur,Launch Complex 36A,"Cape Canaveral SFS, FL, USA",Launch Failure,1964
Voskhod | Zenit-4 3,1964-07-01 11:00:00+00:00,Soviet Space Program,Voskhod,1/5,"Baikonur Cosmodrome, Republic of Kazakhstan",Launch Successful,1964
Thor SLV-2A Agena D | P-698BK Group 2-D 2,1964-07-02 23:59:56+00:00,United States Air Force,Thor SLV-2A Agena D,Space Launch Complex 1E,"Vandenberg SFB, CA, USA",Launch Successful,1964
Atlas Agena D | KH-7 9,1964-07-06 18:51:18+00:00,United States Air Force,Atlas Agena D,Space Launch Complex 4W,"Vandenberg SFB, CA, USA",Launch Successful,1964
Vostok | Elektron-3 &4,1964-07-10 21:51:02+00:00,Soviet Space Program,Vostok,1/5,"Baikonur Cosmodrome, Republic of Kazakhstan",Launch Successful,1964
Thor SLV-2A Agena D | KH-4A 8,1964-07-10 23:14:04+00:00,United States Air Force,Thor SLV-2A Agena D,Space Launch Complex 3W,"Vandenberg SFB, CA, USA",Launch Successful,1964
Vostok 8A92 | Zenit-2 20,1964-07-15 11:27:00+00:00,Soviet Space Program,Vostok 8A92,31/6,"Baikonur Cosmodrome, Republic of Kazakhstan",Launch Successful,1964
Atlas Agena D | Vela 2A & 2B,1964-07-17 08:22:00+00:00,United States Air Force,Atlas Agena D,Space Launch Complex 13,"Cape Canaveral SFS, FL, USA",Launch Successful,1964
Atlas Agena B | Ranger 7,1964-07-28 16:50:07+00:00,United States Air Force,Atlas Agena B,Launch Complex 12,"Cape Canaveral SFS, FL, USA",Launch Successful,1964
Kosmos-2I 63S1 | DS-P1-Yu 1,1964-07-30 03:36:00+00:00,Soviet Space Program,Kosmos-2I 63S1,Mayak-2,"Kapustin Yar, Russian Federation",Launch Successful,1964
Thor SLV-2A Agena D | KH-4A 9,1964-08-05 23:15:35+00:00,United States Air Force,Thor SLV-2A Agena D,Space Launch Complex 1W,"Vandenberg SFB, CA, USA",Launch Successful,1964
Vostok 8A92 | Zenit-2 21,1964-08-14 09:30:00+00:00,Soviet Space Program,Vostok 8A92,31/6,"Baikonur Cosmodrome, Republic of Kazakhstan",Launch Successful,1964
Atlas SLV-3 Agena D | KH-7 10,1964-08-14 22:00:13+00:00,United States Air Force,Atlas SLV-3 Agena D,Space Launch Complex 4E,"Vandenberg SFB, CA, USA",Launch Successful,1964
Scout X-4A | Reentry-4A,1964-08-18 06:05:00+00:00,National Aeronautics and Space Administration,Scout X-4A,Launch Area 3,"Wallops Flight Facility, Virginia, USA",Launch Successful,1964
"Kosmos 65S3 | Strela-1 1,2,3",1964-08-18 09:15:00+00:00,Soviet Space Program,Kosmos 65S3,41/15,"Baikonur Cosmodrome, Republic of Kazakhstan",Launch Successful,1964
Thor Delta D | Syncom 3,1964-08-19 12:15:02+00:00,United States Air Force,Thor Delta D,Space Launch Complex 17A,"Cape Canaveral SFS, FL, USA",Launch Successful,1964
Thor SLV-2A Agena D | KH-5 12,1964-08-21 15:45:00+00:00,United States Air Force,Thor SLV-2A Agena D,Space Launch Complex 2W,"Vandenberg SFB, CA, USA",Launch Successful,1964
Molniya 8K78 | Molniya-1 1b,1964-08-22 07:21:00+00:00,Soviet Space Program,Molniya 8K78,1/5,"Baikonur Cosmodrome, Republic of Kazakhstan",Launch Successful,1964
"Kosmos-2I 63S1 | Strela-1 4,5",1964-08-22 11:00:00+00:00,Soviet Space Program,Kosmos-2I 63S1,Mayak-2,"Kapustin Yar, Russian Federation",Launch Successful,1964
Scout X-4 | Explorer 20,1964-08-25 13:43:00+00:00,National Aeronautics and Space Administration,Scout X-4,Space Launch Complex 5,"Vandenberg SFB, CA, USA",Launch Successful,1964
Thor SLV-2 Agena B | Nimbus 1,1964-08-28 07:56:57+00:00,United States Air Force,Thor SLV-2 Agena B,Space Launch Complex 2E,"Vandenberg SFB, CA, USA",Launch Successful,1964
Vostok 8A92M | Meteor-1 1,1964-08-28 16:00:00+00:00,Soviet Space Program,Vostok 8A92M,31/6,"Baikonur Cosmodrome, Republic of Kazakhstan",Launch Successful,1964
Titan IIIA | Transtage 1,1964-09-01 15:00:06+00:00,United States Air Force,Titan IIIA,Space Launch Complex 20,"Cape Canaveral SFS, FL, USA",Launch Failure,1964
Atlas Agena B | OGO 1,1964-09-05 01:23:00+00:00,United States Air Force,Atlas Agena B,Launch Complex 12,"Cape Canaveral SFS, FL, USA",Launch Successful,1964
Voskhod | Zenit-4 4,1964-09-13 09:45:00+00:00,Soviet Space Program,Voskhod,1/5,"Baikonur Cosmodrome, Republic of Kazakhstan",Launch Successful,1964
Thor SLV-2A Agena D | KH-4A 10,1964-09-14 22:53:43+00:00,United States Air Force,Thor SLV-2A Agena D,Space Launch Complex 3W,"Vandenberg SFB, CA, USA",Launch Successful,1964
Saturn I | Saturn-SA 7,1964-09-18 16:22:43+00:00,National Aeronautics and Space Administration,Saturn I,Space Launch Complex 37B,"Cape Canaveral SFS, FL, USA",Launch Successful,1964
Atlas SLV-3 Agena D | KH-7 11,1964-09-23 20:05:00+00:00,United States Air Force,Atlas SLV-3 Agena D,Space Launch Complex 4E,"Vandenberg SFB, CA, USA",Launch Successful,1964
Vostok 8A92 | Zenit-2 22,1964-09-24 12:04:00+00:00,Soviet Space Program,Vostok 8A92,31/6,"Baikonur Cosmodrome, Republic of Kazakhstan",Launch Successful,1964
Thor Delta C | Explorer 21,1964-10-04 03:45:00+00:00,United States Air Force,Thor Delta C,Space Launch Complex 17A,"Cape Canaveral SFS, FL, USA",Launch Successful,1964
Thor SLV-2A Agena D | KH-4A 11,1964-10-05 21:50:14+00:00,United States Air Force,Thor SLV-2A Agena D,Space Launch Complex 1W,"Vandenberg SFB, CA, USA",Launch Successful,1964
Voskhod | Voskhod-3KV 1,1964-10-06 07:00:00+00:00,Soviet Space Program,Voskhod,1/5,"Baikonur Cosmodrome, Republic of Kazakhstan",Launch Successful,1964
Thor DM-21 Ablestar | Transit-O 1,1964-10-06 17:04:21+00:00,United States Air Force,Thor DM-21 Ablestar,Space Launch Complex 2W,"Vandenberg SFB, CA, USA",Launch Successful,1964
Atlas SLV-3 Agena D | KH-7 12,1964-10-07 19:30:00+00:00,United States Air Force,Atlas SLV-3 Agena D,Space Launch Complex 4E,"Vandenberg SFB, CA, USA",Launch Failure,1964
Scout X-4 | Beacon Explorer B,1964-10-10 03:01:00+00:00,National Aeronautics and Space Administration,Scout X-4,Space Launch Complex 5,"Vandenberg SFB, CA, USA",Launch Successful,1964
Voskhod | Voskhod 1,1964-10-12 07:30:01+00:00,Soviet Space Program,Voskhod,1/5,"Baikonur Cosmodrome, Republic of Kazakhstan",Launch Successful,1964
Vostok 8A92 | Zenit-2 23,1964-10-14 10:00:00+00:00,Soviet Space Program,Vostok 8A92,31/6,"Baikonur Cosmodrome, Republic of Kazakhstan",Launch Successful,1964
Thor SLV-2A Agena D | KH-4A 12,1964-10-17 22:02:23+00:00,United States Air Force,Thor SLV-2A Agena D,Space Launch Complex 3W,"Vandenberg SFB, CA, USA",Launch Successful,1964
"Kosmos 65S3 | Strela-1 6,7,8",1964-10-23 07:30:00+00:00,Soviet Space Program,Kosmos 65S3,41/15,"Baikonur Cosmodrome, Republic of Kazakhstan",Launch Failure,1964
Atlas Agena D | KH-7 13,1964-10-23 18:27:00+00:00,United States Air Force,Atlas Agena D,Space Launch Complex 4W,"Vandenberg SFB, CA, USA",Launch Successful,1964
Kosmos-2I 63S1 | DS-MG 2,1964-10-24 05:17:00+00:00,Soviet Space Program,Kosmos-2I 63S1,Mayak-2,"Kapustin Yar, Russian Federation",Launch Successful,1964
Vostok 8A92 | Zenit-2 24,1964-10-28 10:40:00+00:00,Soviet Space Program,Vostok 8A92,31/6,"Baikonur Cosmodrome, Republic of Kazakhstan",Launch Successful,1964
Thor SLV-2A Agena D | KH-4A 13,1964-11-02 21:30:20+00:00,United States Air Force,Thor SLV-2A Agena D,Space Launch Complex 1W,"Vandenberg SFB, CA, USA",Launch Successful,1964
Thor SLV-2A Agena D | P-698BK Group 3-D 1,1964-11-04 02:12:11+00:00,United States Air Force,Thor SLV-2A Agena D,Space Launch Complex 1E,"Vandenberg SFB, CA, USA",Launch Successful,1964
Atlas Agena D | Mariner 3,1964-11-05 19:22:05+00:00,United States Air Force,Atlas Agena D,Space Launch Complex 13,"Cape Canaveral SFS, FL, USA",Launch Successful,1964
Scout X-4 | Explorer 23,1964-11-06 12:02:01+00:00,National Aeronautics and Space Administration,Scout X-4,Launch Area 3,"Wallops Flight Facility, Virginia, USA",Launch Successful,1964
Nike Cajun | Trailblazer Pellet,1964-11-07 01:38:00+00:00,National Aeronautics and Space Administration,Nike Cajun,Unknown Pad,"Wallops Flight Facility, Virginia, USA",Launch Successful,1964
Thor SLV-2A Agena D | KH-4A 14,1964-11-18 20:35:54+00:00,United States Air Force,Thor SLV-2A Agena D,Space Launch Complex 2E,"Vandenberg SFB, CA, USA",Launch Successful,1964
Scout X-4 | Explorer 24 & 25,1964-11-21 17:09:39+00:00,National Aeronautics and Space Administration,Scout X-4,Space Launch Complex 5,"Vandenberg SFB, CA, USA",Launch Successful,1964
Atlas Agena D | Mariner 4,1964-11-28 14:22:01+00:00,United States Air Force,Atlas Agena D,Launch Complex 12,"Cape Canaveral SFS, FL, USA",Launch Successful,1964
Molniya 8K78 | Zond-2,1964-11-30 13:25:00+00:00,Soviet Space Program,Molniya 8K78,1/5,"Baikonur Cosmodrome, Republic of Kazakhstan",Launch Successful,1964
Kosmos-2I 63S1 | DS-2 2,1964-12-01 08:45:00+00:00,Soviet Space Program,Kosmos-2I 63S1,86/1,"Kapustin Yar, Russian Federation",Launch Failure,1964
Atlas SLV-3 Agena D | KH-7 14,1964-12-04 19:00:00+00:00,United States Air Force,Atlas SLV-3 Agena D,Space Launch Complex 4E,"Vandenberg SFB, CA, USA",Launch Successful,1964
Little Joe II | A-002,1964-12-08 15:00:00+00:00,National Aeronautics and Space Administration,Little Joe II,Launch Complex 36,White Sands Missile Range,Launch Successful,1964
Kosmos-2I 63S1 | DS-MT 3,1964-12-09 23:00:00+00:00,Soviet Space Program,Kosmos-2I 63S1,86/1,"Kapustin Yar, Russian Federation",Launch Successful,1964
Titan IIIA | Transtage 2,1964-12-10 16:53:33+00:00,United States Air Force,Titan IIIA,Space Launch Complex 20,"Cape Canaveral SFS, FL, USA",Launch Successful,1964
Atlas Centaur | Surveyor Mass Model,1964-12-11 14:25:02+00:00,United States Air Force,Atlas Centaur,Launch Complex 36A,"Cape Canaveral SFS, FL, USA",Launch Successful,1964
Thor DM-21 Ablestar | Transit-O 2 & 5E-5,1964-12-13 00:08:10+00:00,United States Air Force,Thor DM-21 Ablestar,Space Launch Complex 2W,"Vandenberg SFB, CA, USA",Launch Successful,1964
Scout X-4 | San Marco 1,1964-12-15 20:20:04+00:00,National Research Council,Scout X-4,Launch Area 3A,"Wallops Flight Facility, Virginia, USA",Launch Successful,1964
Thor SLV-2A Agena D | KH-4A 15,1964-12-19 21:10:16+00:00,United States Air Force,Thor SLV-2A Agena D,Space Launch Complex 1W,"Vandenberg SFB, CA, USA",Launch Successful,1964
Thor Delta C | Explorer 26,1964-12-21 09:00:03+00:00,United States Air Force,Thor Delta C,Space Launch Complex 17A,"Cape Canaveral SFS, FL, USA",Launch Successful,1964
Thor SLV-2A Agena D | Quill 1,1964-12-21 19:08:56+00:00,United States Air Force,Thor SLV-2A Agena D,Space Launch Complex 2E,"Vandenberg SFB, CA, USA",Launch Successful,1964
Vostok 8A92 | Zenit-2 25,1965-01-11 09:29:58+00:00,Soviet Space Program,Vostok 8A92,31/6,"Baikonur Cosmodrome, Republic of Kazakhstan",Launch Successful,1965
Thor SLV-2A Agena D | KH-4A 16,1965-01-15 21:00:44+00:00,United States Air Force,Thor SLV-2A Agena D,Space Launch Complex 1E,"Vandenberg SFB, CA, USA",Launch Successful,1965
Thor MG-18 | DSAP-1 F10,1965-01-19 05:03:42+00:00,United States Air Force,Thor MG-18,Space Launch Complex 10W,"Vandenberg SFB, CA, USA",Launch Successful,1965
Titan II GLV | Gemini II,1965-01-19 14:04:00+00:00,United States Air Force,Titan II,Launch Complex 19,"Cape Canaveral SFS, FL, USA",Launch Successful,1965
Atlas D | OV1-1,1965-01-21 21:34:54+00:00,United States Air Force,Atlas D,576B3,"Vandenberg SFB, CA, USA",Launch Failure,1965
Thor Delta C | Tiros 9,1965-01-22 07:52:00+00:00,United States Air Force,Thor Delta C,Space Launch Complex 17A,"Cape Canaveral SFS, FL, USA",Launch Failure,1965
Atlas SLV-3 Agena D | KH-7 15,1965-01-23 20:06:00+00:00,United States Air Force,Atlas SLV-3 Agena D,Space Launch Complex 4W,"Vandenberg SFB, CA, USA",Launch Successful,1965
Kosmos-2I 63S1 | DS-A1 5,1965-01-30 09:36:00+00:00,Soviet Space Program,Kosmos-2I 63S1,86/1,"Kapustin Yar, Russian Federation",Launch Successful,1965
Thor Delta C | OSO 2,1965-02-03 16:36:00+00:00,United States Air Force,Thor Delta C,Space Launch Complex 17B,"Cape Canaveral SFS, FL, USA",Launch Successful,1965
Titan IIIA | LES 1,1965-02-11 15:19:05+00:00,United States Air Force,Titan IIIA,Space Launch Complex 20,"Cape Canaveral SFS, FL, USA",Launch Successful,1965
Kosmos-2I 63S1 | DS-P1-Yu 2,1965-02-12 12:00:00+00:00,Soviet Space Program,Kosmos-2I 63S1,86/1,"Kapustin Yar, Russian Federation",Launch Failure,1965
Saturn I | Pegasus 1,1965-02-16 14:37:03+00:00,National Aeronautics and Space Administration,Saturn I,Space Launch Complex 37B,"Cape Canaveral SFS, FL, USA",Launch Successful,1965
Atlas Agena B | Ranger 8,1965-02-17 17:05:00+00:00,United States Air Force,Atlas Agena B,Launch Complex 12,"Cape Canaveral SFS, FL, USA",Launch Successful,1965
Kosmos-2I 63S1 | DS-A1 6,1965-02-20 06:30:00+00:00,Soviet Space Program,Kosmos-2I 63S1,86/1,"Kapustin Yar, Russian Federation",Launch Failure,1965
"Kosmos 65S3 | Strela-1 9,10,11",1965-02-21 11:00:00+00:00,Soviet Space Program,Kosmos 65S3,41/15,"Baikonur Cosmodrome, Republic of Kazakhstan",Launch Successful,1965
Voskhod | Voskhod-3KD 1,1965-02-22 07:30:00+00:00,Soviet Space Program,Voskhod,31/6,"Baikonur Cosmodrome, Republic of Kazakhstan",Launch Successful,1965
Thor SLV-2A Agena D | KH-4A 17,1965-02-25 21:44:55+00:00,United States Air Force,Thor SLV-2A Agena D,Space Launch Complex 3W,"Vandenberg SFB, CA, USA",Launch Successful,1965
Vostok 8A92M | Meteor-1 2,1965-02-26 05:01:32+00:00,Soviet Space Program,Vostok 8A92M,31/6,"Baikonur Cosmodrome, Republic of Kazakhstan",Launch Successful,1965
Atlas Centaur | Surveyor-SD 1,1965-03-02 13:25:00+00:00,United States Air Force,Atlas Centaur,Launch Complex 36A,"Cape Canaveral SFS, FL, USA",Launch Failure,1965
Voskhod | Zenit-4 5,1965-03-07 08:59:28+00:00,Soviet Space Program,Voskhod,31/6,"Baikonur Cosmodrome, Republic of Kazakhstan",Launch Successful,1965
"Thor SLV-2 Agena D | Poppy 6A,B,C,D",1965-03-09 18:29:47+00:00,United States Air Force,Thor SLV-2 Agena D,Space Launch Complex 2W,"Vandenberg SFB, CA, USA",Launch Successful,1965
Thor DM-21 Ablestar | Transit-O 3,1965-03-11 13:39:59+00:00,United States Air Force,Thor DM-21 Ablestar,Space Launch Complex 2E,"Vandenberg SFB, CA, USA",Launch Successful,1965
Molniya 8K78 | Luna-5c,1965-03-12 09:25:31+00:00,Soviet Space Program,Molniya 8K78,1/5,"Baikonur Cosmodrome, Republic of Kazakhstan",Launch Failure,1965
Atlas SLV-3 Agena D | KH-7 16,1965-03-12 19:20:00+00:00,United States Air Force,Atlas SLV-3 Agena D,Space Launch Complex 4W,"Vandenberg SFB, CA, USA",Launch Successful,1965
"Kosmos 65S3 | Strela-1 12,13,14",1965-03-15 11:00:00+00:00,Soviet Space Program,Kosmos 65S3,41/15,"Baikonur Cosmodrome, Republic of Kazakhstan",Launch Successful,1965
Thor MG-18 | DSAP-1 F11,1965-03-18 04:43:46+00:00,United States Air Force,Thor MG-18,Space Launch Complex 10W,"Vandenberg SFB, CA, USA",Launch Successful,1965
Voskhod | Voskhod 2,1965-03-18 07:00:00+00:00,Soviet Space Program,Voskhod,1/5,"Baikonur Cosmodrome, Republic of Kazakhstan",Launch Successful,1965
Atlas Agena B | Ranger 9,1965-03-21 21:37:02+00:00,United States Air Force,Atlas Agena B,Launch Complex 12,"Cape Canaveral SFS, FL, USA",Launch Successful,1965
Titan II GLV | Gemini III,1965-03-23 14:24:00+00:00,National Aeronautics and Space Administration,Titan II,Launch Complex 19,"Cape Canaveral SFS, FL, USA",Launch Successful,1965
Vostok 8A92 | Zenit-2 26,1965-03-25 10:00:00+00:00,Soviet Space Program,Vostok 8A92,31/6,"Baikonur Cosmodrome, Republic of Kazakhstan",Launch Successful,1965
Thor SLV-2A Agena D | KH-4A 18,1965-03-25 21:11:17+00:00,United States Air Force,Thor SLV-2A Agena D,Space Launch Complex 1W,"Vandenberg SFB, CA, USA",Launch Successful,1965
Blue Scout Jr | OAR 22-4,1965-03-30 16:09:31+00:00,United States Air Force,Blue Scout Jr,Launch Complex 18A,"Cape Canaveral SFS, FL, USA",Launch Successful,1965
Atlas SLV-3 Agena D | SNAPSHOT-1,1965-04-03 21:25:00+00:00,United States Air Force,Atlas SLV-3 Agena D,Space Launch Complex 4E,"Vandenberg SFB, CA, USA",Launch Successful,1965
Thor Delta D | Early Bird,1965-04-06 23:47:50+00:00,United States Air Force,Thor Delta D,Space Launch Complex 17A,"Cape Canaveral SFS, FL, USA",Launch Successful,1965
Blue Scout Jr | OAR 22-9,1965-04-09 18:10:37+00:00,United States Air Force,Blue Scout Jr,Launch Complex 18A,"Cape Canaveral SFS, FL, USA",Launch Successful,1965
Molniya 8K78 | Luna-5d,1965-04-10 08:39:01+00:00,Soviet Space Program,Molniya 8K78,1/5,"Baikonur Cosmodrome, Republic of Kazakhstan",Launch Failure,1965
Voskhod | Zenit-4 6,1965-04-17 09:50:00+00:00,Soviet Space Program,Voskhod,31/6,"Baikonur Cosmodrome, Republic of Kazakhstan",Launch Successful,1965
Molniya 8K78 | Molniya-1 1,1965-04-23 01:55:00+00:00,Soviet Space Program,Molniya 8K78,1/5,"Baikonur Cosmodrome, Republic of Kazakhstan",Launch Successful,1965
Atlas SLV-3 Agena D | KH-7 17,1965-04-28 21:15:00+00:00,United States Air Force,Atlas SLV-3 Agena D,Space Launch Complex 4E,"Vandenberg SFB, CA, USA",Launch Successful,1965
Scout X-4 | Beacon Explorer C,1965-04-29 14:17:00+00:00,National Aeronautics and Space Administration,Scout X-4,Launch Area 3A,"Wallops Flight Facility, Virginia, USA",Launch Successful,1965
Thor SLV-2A Agena D | KH-4A 19,1965-04-29 21:44:56+00:00,United States Air Force,Thor SLV-2A Agena D,Space Launch Complex 3W,"Vandenberg SFB, CA, USA",Launch Successful,1965
Nike Cajun | Trailblazer Pellet,1965-05-04 05:50:00+00:00,National Aeronautics and Space Administration,Nike Cajun,Unknown Pad,"Wallops Flight Facility, Virginia, USA",Launch Successful,1965
Titan IIIA | LES 2,1965-05-06 15:00:03+00:00,United States Air Force,Titan IIIA,Space Launch Complex 20,"Cape Canaveral SFS, FL, USA",Launch Successful,1965
Vostok 8A92 | Zenit-2 27,1965-05-07 09:29:59+00:00,Soviet Space Program,Vostok 8A92,31/6,"Baikonur Cosmodrome, Republic of Kazakhstan",Launch Successful,1965
Molniya 8K78 | Luna-5,1965-05-09 07:49:37+00:00,Soviet Space Program,Molniya 8K78,1/5,"Baikonur Cosmodrome, Republic of Kazakhstan",Launch Successful,1965
Blue Scout Jr | OAR 22-8,1965-05-12 16:02:35+00:00,United States Air Force,Blue Scout Jr,Launch Complex 18A,"Cape Canaveral SFS, FL, USA",Launch Successful,1965
Thor SLV-2A Agena D | KH-4A 20,1965-05-18 18:02:18+00:00,United States Air Force,Thor SLV-2A Agena D,Space Launch Complex 1W,"Vandenberg SFB, CA, USA",Launch Successful,1965
Little Joe II | A-003,1965-05-19 13:01:04+00:00,National Aeronautics and Space Administration,Little Joe II,Launch Complex 36,White Sands Missile Range,Launch Failure,1965
Thor Burner 1 | OPS 8386,1965-05-20 16:30:53+00:00,United States Air Force,Thor Burner 1,Space Launch Complex 10W,"Vandenberg SFB, CA, USA",Launch Successful,1965
Atlas D | FIRE 2,1965-05-22 21:55:00+00:00,United States Air Force,Atlas D,Launch Complex 12,"Cape Canaveral SFS, FL, USA",Launch Successful,1965
Saturn I | Pegasus 2,1965-05-25 07:35:01+00:00,National Aeronautics and Space Administration,Saturn I,Space Launch Complex 37B,"Cape Canaveral SFS, FL, USA",Launch Successful,1965
Voskhod | Zenit-4 7,1965-05-25 10:50:00+00:00,Soviet Space Program,Voskhod,31/6,"Baikonur Cosmodrome, Republic of Kazakhstan",Launch Successful,1965
Atlas SLV-3 Agena D | KH-7 18,1965-05-27 20:48:00+00:00,United States Air Force,Atlas SLV-3 Agena D,Space Launch Complex 4E,"Vandenberg SFB, CA, USA",Launch Successful,1965
Atlas D | OV1-3,1965-05-28 02:54:56+00:00,United States Air Force,Atlas D,576B3,"Vandenberg SFB, CA, USA",Launch Failure,1965
Thor Delta C | Explorer 28,1965-05-29 12:00:00+00:00,United States Air Force,Thor Delta C,Space Launch Complex 17B,"Cape Canaveral SFS, FL, USA",Launch Successful,1965
Titan II GLV | Gemini IV,1965-06-03 15:16:00+00:00,National Aeronautics and Space Administration,Titan II,Launch Complex 19,"Cape Canaveral SFS, FL, USA",Launch Successful,1965
Molniya 8K78 | Luna-6,1965-06-08 07:40:23+00:00,Soviet Space Program,Molniya 8K78,1/5,"Baikonur Cosmodrome, Republic of Kazakhstan",Launch Successful,1965
Blue Scout Jr | OAR 22-5,1965-06-09 16:26:15+00:00,United States Air Force,Blue Scout Jr,Launch Complex 18A,"Cape Canaveral SFS, FL, USA",Launch Successful,1965
Thor SLV-2A Agena D | KH-4A 21,1965-06-09 21:58:16+00:00,United States Air Force,Thor SLV-2A Agena D,Space Launch Complex 1E,"Vandenberg SFB, CA, USA",Launch Successful,1965
Vostok 8A92 | Zenit-2 28,1965-06-15 09:43:02+00:00,Soviet Space Program,Vostok 8A92,31/6,"Baikonur Cosmodrome, Republic of Kazakhstan",Launch Successful,1965
Titan IIIC | Transtage 5,1965-06-18 14:00:04+00:00,United States Air Force,Titan IIIC,Space Launch Complex 40,"Cape Canaveral SFS, FL, USA",Launch Successful,1965
Thor DM-21 Ablestar | Transit-O 4,1965-06-24 22:35:29+00:00,United States Air Force,Thor DM-21 Ablestar,Space Launch Complex 2E,"Vandenberg SFB, CA, USA",Launch Successful,1965
Voskhod | Zenit-4 8,1965-06-25 09:45:00+00:00,Soviet Space Program,Voskhod,1/5,"Baikonur Cosmodrome, Republic of Kazakhstan",Launch Successful,1965
Atlas SLV-3 Agena D | KH-7 19,1965-06-25 19:30:00+00:00,United States Air Force,Atlas SLV-3 Agena D,Space Launch Complex 4E,"Vandenberg SFB, CA, USA",Launch Successful,1965
X-15 | Flight 138,1965-06-29 18:21:00+00:00,United States Air Force,North American X-15,Edwards Air Force Base,Air launch to Suborbital flight,Launch Successful,1965
